GROUP,PACKAGE,CLASS,INSTRUCTION_MISSED,INSTRUCTION_COVERED,BRANCH_MISSED,BRANCH_COVERED,LINE_MISSED,LINE_COVERED,COMPLEXITY_MISSED,COMPLEXITY_COVERED,METHOD_MISSED,METHOD_COVERED
MyBatis Generator Tests (MyBatis3),mbg.test.mb3.generated.annotated.miscellaneous.mapper,RegexrenameSqlProvider,572,33,59,3,114,9,38,2,7,2
MyBatis Generator Tests (MyBatis3),mbg.test.mb3.generated.annotated.miscellaneous.mapper,EnumtestSqlProvider,514,34,49,3,97,11,32,3,6,3
MyBatis Generator Tests (MyBatis3),mbg.test.mb3.generated.annotated.miscellaneous.mapper,MyObjectSqlProvider,293,573,55,55,57,135,45,19,2,7
MyBatis Generator Tests (MyBatis3),mbg.test.mb3.generated.mixed.miscellaneous.model,MyObjectCriteria.Criteria,0,3,0,0,0,2,0,1,0,1
MyBatis Generator Tests (MyBatis3),mbg.test.mb3.generated.mixed.miscellaneous.model,EnumtestCriteria,71,0,2,0,25,0,12,0,11,0
MyBatis Generator Tests (MyBatis3),mbg.test.mb3.generated.mixed.miscellaneous.model,MyObjectCriteria,14,57,0,2,5,20,2,10,2,9
MyBatis Generator Tests (MyBatis3),mbg.test.mb3.generated.mixed.miscellaneous.model,RegexrenameCriteria.Criterion,89,0,2,0,32,0,14,0,13,0
MyBatis Generator Tests (MyBatis3),mbg.test.mb3.generated.mixed.miscellaneous.model,Regexrename,139,40,41,3,15,13,24,9,2,9
MyBatis Generator Tests (MyBatis3),mbg.test.mb3.generated.mixed.miscellaneous.model,MyObject,370,61,106,0,30,25,58,18,5,18
MyBatis Generator Tests (MyBatis3),mbg.test.mb3.generated.mixed.miscellaneous.model,EnumtestCriteria.Criteria,3,0,0,0,2,0,1,0,1,0
MyBatis Generator Tests (MyBatis3),mbg.test.mb3.generated.mixed.miscellaneous.model,RegexrenameCriteria.GeneratedCriteria,544,0,10,0,132,0,69,0,64,0
MyBatis Generator Tests (MyBatis3),mbg.test.mb3.generated.mixed.miscellaneous.model,EnumtestCriteria.Criterion,89,0,2,0,32,0,14,0,13,0
MyBatis Generator Tests (MyBatis3),mbg.test.mb3.generated.mixed.miscellaneous.model,Enumtest,81,17,22,0,13,7,13,5,2,5
MyBatis Generator Tests (MyBatis3),mbg.test.mb3.generated.mixed.miscellaneous.model,MyObjectCriteria.GeneratedCriteria,1500,181,30,10,351,43,180,20,162,18
MyBatis Generator Tests (MyBatis3),mbg.test.mb3.generated.mixed.miscellaneous.model,RegexrenameCriteria,71,0,2,0,25,0,12,0,11,0
MyBatis Generator Tests (MyBatis3),mbg.test.mb3.generated.mixed.miscellaneous.model,RegexrenameCriteria.Criteria,3,0,0,0,2,0,1,0,1,0
MyBatis Generator Tests (MyBatis3),mbg.test.mb3.generated.mixed.miscellaneous.model,MyObjectCriteria.Criterion,15,74,0,2,6,26,2,12,2,11
MyBatis Generator Tests (MyBatis3),mbg.test.mb3.generated.mixed.miscellaneous.model,MyObjectKey,81,17,22,0,13,7,13,5,2,5
MyBatis Generator Tests (MyBatis3),mbg.test.mb3.generated.mixed.miscellaneous.model,EnumtestCriteria.GeneratedCriteria,297,0,10,0,70,0,38,0,33,0
MyBatis Generator Tests (MyBatis3),mbg.test.mb3.generated.annotated.conditional.mapper,PkonlySqlProvider,254,272,27,23,31,71,20,13,1,7
MyBatis Generator Tests (MyBatis3),mbg.test.mb3.generated.annotated.conditional.mapper,PkblobsSqlProvider,300,373,41,31,42,97,32,15,1,10
MyBatis Generator Tests (MyBatis3),mbg.test.mb3.generated.annotated.conditional.mapper,FieldsonlySqlProvider,270,279,31,23,35,73,23,12,1,7
MyBatis Generator Tests (MyBatis3),mbg.test.mb3.generated.annotated.conditional.mapper,PkfieldsblobsSqlProvider,307,417,43,33,44,108,33,16,1,10
MyBatis Generator Tests (MyBatis3),mbg.test.mb3.generated.annotated.conditional.mapper,FieldsblobsSqlProvider,304,364,41,29,43,94,31,14,1,9
MyBatis Generator Tests (MyBatis3),mbg.test.mb3.generated.annotated.conditional.mapper,PkfieldsSqlProvider,319,586,62,60,59,144,49,21,1,8
MyBatis Generator Tests (MyBatis3),mbg.test.mb3.generated.annotated.conditional.mapper,AwfulTableSqlProvider,221,700,49,73,33,174,49,21,0,9
MyBatis Generator Tests (MyBatis3),mbg.test.mb3.generated.conditional.model,Fieldsonly,107,24,30,0,14,10,17,7,2,7
MyBatis Generator Tests (MyBatis3),mbg.test.mb3.generated.conditional.model,PkblobsExample.Criteria,0,3,0,0,0,2,0,1,0,1
MyBatis Generator Tests (MyBatis3),mbg.test.mb3.generated.conditional.model,PkfieldsExample.Criterion,3,86,0,2,1,31,1,13,1,12
MyBatis Generator Tests (MyBatis3),mbg.test.mb3.generated.conditional.model,PkonlyKey,81,17,22,0,13,7,13,5,2,5
MyBatis Generator Tests (MyBatis3),mbg.test.mb3.generated.conditional.model,PkfieldsExample,14,57,0,2,5,20,2,10,2,9
MyBatis Generator Tests (MyBatis3),mbg.test.mb3.generated.conditional.model,PkfieldsblobsExample.Criteria,0,3,0,0,0,2,0,1,0,1
MyBatis Generator Tests (MyBatis3),mbg.test.mb3.generated.conditional.model,PkfieldsblobsExample,20,51,1,1,7,18,4,8,3,8
MyBatis Generator Tests (MyBatis3),mbg.test.mb3.generated.conditional.model,PkfieldsExample.GeneratedCriteria,1459,208,26,8,346,52,179,25,163,24
MyBatis Generator Tests (MyBatis3),mbg.test.mb3.generated.conditional.model,FieldsonlyExample.GeneratedCriteria,328,47,7,3,78,12,41,7,37,6
MyBatis Generator Tests (MyBatis3),mbg.test.mb3.generated.conditional.model,PkfieldsblobsKey,81,17,22,0,13,7,13,5,2,5
MyBatis Generator Tests (MyBatis3),mbg.test.mb3.generated.conditional.model,PkblobsExample.GeneratedCriteria,140,47,7,3,30,12,17,7,13,6
MyBatis Generator Tests (MyBatis3),mbg.test.mb3.generated.conditional.model,AwfulTable,439,118,132,6,30,42,73,29,4,29
MyBatis Generator Tests (MyBatis3),mbg.test.mb3.generated.conditional.model,PkonlyExample.Criterion,53,36,1,1,19,13,8,6,7,6
MyBatis Generator Tests (MyBatis3),mbg.test.mb3.generated.conditional.model,FieldsonlyExample,24,47,1,1,9,16,5,7,4,7
MyBatis Generator Tests (MyBatis3),mbg.test.mb3.generated.conditional.model,PkfieldsExample.Criteria,0,3,0,0,0,2,0,1,0,1
MyBatis Generator Tests (MyBatis3),mbg.test.mb3.generated.conditional.model,Fieldsblobs,85,23,24,2,13,7,15,5,2,5
MyBatis Generator Tests (MyBatis3),mbg.test.mb3.generated.conditional.model,FieldsonlyExample.Criteria,0,3,0,0,0,2,0,1,0,1
MyBatis Generator Tests (MyBatis3),mbg.test.mb3.generated.conditional.model,AwfulTableExample,10,61,1,1,4,21,3,9,2,9
MyBatis Generator Tests (MyBatis3),mbg.test.mb3.generated.conditional.model,PkfieldsKey,81,17,22,0,13,7,13,5,2,5
MyBatis Generator Tests (MyBatis3),mbg.test.mb3.generated.conditional.model,FieldsblobsWithBLOBs,127,20,28,0,18,8,17,6,3,6
MyBatis Generator Tests (MyBatis3),mbg.test.mb3.generated.conditional.model,AwfulTableExample.GeneratedCriteria,1538,103,5,5,385,25,195,13,191,12
MyBatis Generator Tests (MyBatis3),mbg.test.mb3.generated.conditional.model,FieldsonlyExample.Criterion,53,36,1,1,19,13,8,6,7,6
MyBatis Generator Tests (MyBatis3),mbg.test.mb3.generated.conditional.model,Pkfields,410,85,122,2,29,33,66,23,4,23
MyBatis Generator Tests (MyBatis3),mbg.test.mb3.generated.conditional.model,FieldsblobsExample.Criteria,0,3,0,0,0,2,0,1,0,1
MyBatis Generator Tests (MyBatis3),mbg.test.mb3.generated.conditional.model,FieldsblobsExample.GeneratedCriteria,266,47,7,3,62,12,33,7,29,6
MyBatis Generator Tests (MyBatis3),mbg.test.mb3.generated.conditional.model,PkonlyExample.GeneratedCriteria,226,55,7,3,52,14,28,8,24,7
MyBatis Generator Tests (MyBatis3),mbg.test.mb3.generated.conditional.model,PkonlyExample,24,47,1,1,9,16,5,7,4,7
MyBatis Generator Tests (MyBatis3),mbg.test.mb3.generated.conditional.model,AwfulTableExample.Criteria,0,3,0,0,0,2,0,1,0,1
MyBatis Generator Tests (MyBatis3),mbg.test.mb3.generated.conditional.model,FieldsblobsExample.Criterion,53,36,1,1,19,13,8,6,7,6
MyBatis Generator Tests (MyBatis3),mbg.test.mb3.generated.conditional.model,PkblobsExample,24,47,1,1,9,16,5,7,4,7
MyBatis Generator Tests (MyBatis3),mbg.test.mb3.generated.conditional.model,PkfieldsblobsExample.GeneratedCriteria,446,55,7,3,108,14,56,8,52,7
MyBatis Generator Tests (MyBatis3),mbg.test.mb3.generated.conditional.model,Pkfieldsblobs,151,30,42,2,16,10,24,7,2,7
MyBatis Generator Tests (MyBatis3),mbg.test.mb3.generated.conditional.model,PkfieldsblobsExample.Criterion,53,36,1,1,19,13,8,6,7,6
MyBatis Generator Tests (MyBatis3),mbg.test.mb3.generated.conditional.model,PkblobsExample.Criterion,53,36,1,1,19,13,8,6,7,6
MyBatis Generator Tests (MyBatis3),mbg.test.mb3.generated.conditional.model,Pkblobs,118,27,28,0,17,11,17,8,3,8
MyBatis Generator Tests (MyBatis3),mbg.test.mb3.generated.conditional.model,PkonlyExample.Criteria,0,3,0,0,0,2,0,1,0,1
MyBatis Generator Tests (MyBatis3),mbg.test.mb3.generated.conditional.model,FieldsblobsExample,24,47,1,1,9,16,5,7,4,7
MyBatis Generator Tests (MyBatis3),mbg.test.mb3.generated.conditional.model,AwfulTableExample.Criterion,15,74,0,2,6,26,2,12,2,11
MyBatis Generator Tests (MyBatis3),mbg.test.mb3.generated.mixed.hierarchical.model,PkfieldsblobsExample.Criteria,0,3,0,0,0,2,0,1,0,1
MyBatis Generator Tests (MyBatis3),mbg.test.mb3.generated.mixed.hierarchical.model,PkfieldsExample.GeneratedCriteria,1515,152,28,6,360,38,185,19,169,18
MyBatis Generator Tests (MyBatis3),mbg.test.mb3.generated.mixed.hierarchical.model,FieldsblobsExample.Criteria,0,3,0,0,0,2,0,1,0,1
MyBatis Generator Tests (MyBatis3),mbg.test.mb3.generated.mixed.hierarchical.model,AwfulTableExample.Criteria,0,3,0,0,0,2,0,1,0,1
MyBatis Generator Tests (MyBatis3),mbg.test.mb3.generated.mixed.hierarchical.model,PkonlyExample.Criterion,53,36,1,1,19,13,8,6,7,6
MyBatis Generator Tests (MyBatis3),mbg.test.mb3.generated.mixed.hierarchical.model,FieldsonlyExample,24,47,1,1,9,16,5,7,4,7
MyBatis Generator Tests (MyBatis3),mbg.test.mb3.generated.mixed.hierarchical.model,FieldsblobsExample.Criterion,53,36,1,1,19,13,8,6,7,6
MyBatis Generator Tests (MyBatis3),mbg.test.mb3.generated.mixed.hierarchical.model,AwfulTableExample.Criterion,15,74,0,2,6,26,2,12,2,11
MyBatis Generator Tests (MyBatis3),mbg.test.mb3.generated.mixed.hierarchical.model,PkblobsExample.Criteria,0,3,0,0,0,2,0,1,0,1
MyBatis Generator Tests (MyBatis3),mbg.test.mb3.generated.mixed.hierarchical.model,PkfieldsblobsKey,81,17,22,0,13,7,13,5,2,5
MyBatis Generator Tests (MyBatis3),mbg.test.mb3.generated.mixed.hierarchical.model,PkblobsExample.Criterion,53,36,1,1,19,13,8,6,7,6
MyBatis Generator Tests (MyBatis3),mbg.test.mb3.generated.mixed.hierarchical.model,PkonlyExample.GeneratedCriteria,226,55,7,3,52,14,28,8,24,7
MyBatis Generator Tests (MyBatis3),mbg.test.mb3.generated.mixed.hierarchical.model,FieldsblobsExample,24,47,1,1,9,16,5,7,4,7
MyBatis Generator Tests (MyBatis3),mbg.test.mb3.generated.mixed.hierarchical.model,AwfulTableExample,14,57,0,2,5,20,2,10,2,9
MyBatis Generator Tests (MyBatis3),mbg.test.mb3.generated.mixed.hierarchical.model,FieldsonlyExample.GeneratedCriteria,328,47,7,3,78,12,41,7,37,6
MyBatis Generator Tests (MyBatis3),mbg.test.mb3.generated.mixed.hierarchical.model,FieldsblobsWithBLOBs,127,20,28,0,18,8,17,6,3,6
MyBatis Generator Tests (MyBatis3),mbg.test.mb3.generated.mixed.hierarchical.model,PkfieldsblobsWithBLOBs,147,10,40,0,16,4,22,3,2,3
MyBatis Generator Tests (MyBatis3),mbg.test.mb3.generated.mixed.hierarchical.model,PkfieldsblobsExample.Criterion,53,36,1,1,19,13,8,6,7,6
MyBatis Generator Tests (MyBatis3),mbg.test.mb3.generated.mixed.hierarchical.model,PkblobsKey,54,10,12,0,12,4,8,3,2,3
MyBatis Generator Tests (MyBatis3),mbg.test.mb3.generated.mixed.hierarchical.model,Pkfieldsblobs,137,23,40,2,15,7,23,5,2,5
MyBatis Generator Tests (MyBatis3),mbg.test.mb3.generated.mixed.hierarchical.model,PkfieldsExample.Criterion,3,86,0,2,1,31,1,13,1,12
MyBatis Generator Tests (MyBatis3),mbg.test.mb3.generated.mixed.hierarchical.model,Pkfields,410,85,122,2,29,33,66,23,4,23
MyBatis Generator Tests (MyBatis3),mbg.test.mb3.generated.mixed.hierarchical.model,AwfulTableExample.GeneratedCriteria,1538,103,5,5,385,25,195,13,191,12
MyBatis Generator Tests (MyBatis3),mbg.test.mb3.generated.mixed.hierarchical.model,PkfieldsExample,14,57,0,2,5,20,2,10,2,9
MyBatis Generator Tests (MyBatis3),mbg.test.mb3.generated.mixed.hierarchical.model,PkonlyExample,24,47,1,1,9,16,5,7,4,7
MyBatis Generator Tests (MyBatis3),mbg.test.mb3.generated.mixed.hierarchical.model,PkfieldsblobsExample.GeneratedCriteria,446,55,7,3,108,14,56,8,52,7
MyBatis Generator Tests (MyBatis3),mbg.test.mb3.generated.mixed.hierarchical.model,PkfieldsKey,81,17,22,0,13,7,13,5,2,5
MyBatis Generator Tests (MyBatis3),mbg.test.mb3.generated.mixed.hierarchical.model,PkfieldsblobsExample,24,47,1,1,9,16,5,7,4,7
MyBatis Generator Tests (MyBatis3),mbg.test.mb3.generated.mixed.hierarchical.model,FieldsonlyExample.Criteria,0,3,0,0,0,2,0,1,0,1
MyBatis Generator Tests (MyBatis3),mbg.test.mb3.generated.mixed.hierarchical.model,PkblobsExample.GeneratedCriteria,140,47,7,3,30,12,17,7,13,6
MyBatis Generator Tests (MyBatis3),mbg.test.mb3.generated.mixed.hierarchical.model,PkonlyKey,81,17,22,0,13,7,13,5,2,5
MyBatis Generator Tests (MyBatis3),mbg.test.mb3.generated.mixed.hierarchical.model,FieldsonlyExample.Criterion,53,36,1,1,19,13,8,6,7,6
MyBatis Generator Tests (MyBatis3),mbg.test.mb3.generated.mixed.hierarchical.model,FieldsblobsExample.GeneratedCriteria,274,39,7,3,64,10,34,6,30,5
MyBatis Generator Tests (MyBatis3),mbg.test.mb3.generated.mixed.hierarchical.model,AwfulTableKey,54,10,12,0,12,4,8,3,2,3
MyBatis Generator Tests (MyBatis3),mbg.test.mb3.generated.mixed.hierarchical.model,AwfulTable,439,111,132,6,30,39,73,27,4,27
MyBatis Generator Tests (MyBatis3),mbg.test.mb3.generated.mixed.hierarchical.model,PkblobsExample,24,47,1,1,9,16,5,7,4,7
MyBatis Generator Tests (MyBatis3),mbg.test.mb3.generated.mixed.hierarchical.model,PkblobsWithBLOBs,118,20,28,0,17,8,17,6,3,6
MyBatis Generator Tests (MyBatis3),mbg.test.mb3.generated.mixed.hierarchical.model,PkonlyExample.Criteria,0,3,0,0,0,2,0,1,0,1
MyBatis Generator Tests (MyBatis3),mbg.test.mb3.generated.mixed.hierarchical.model,Fieldsblobs,85,23,24,2,13,7,15,5,2,5
MyBatis Generator Tests (MyBatis3),mbg.test.mb3.generated.mixed.hierarchical.model,Fieldsonly,107,24,30,0,14,10,17,7,2,7
MyBatis Generator Tests (MyBatis3),mbg.test.mb3.generated.mixed.hierarchical.model,PkfieldsExample.Criteria,0,3,0,0,0,2,0,1,0,1
MyBatis Generator Tests (MyBatis3),mbg.test.mb3.generated.hierarchical.model.subpackage,Fieldsonly,107,24,30,0,14,10,17,7,2,7
MyBatis Generator Tests (MyBatis3),mbg.test.mb3.generated.hierarchical.model.subpackage,FieldsonlyExample.Criterion,53,36,1,1,19,13,8,6,7,6
MyBatis Generator Tests (MyBatis3),mbg.test.mb3.generated.hierarchical.model.subpackage,FieldsonlyExample,24,47,1,1,9,16,5,7,4,7
MyBatis Generator Tests (MyBatis3),mbg.test.mb3.generated.hierarchical.model.subpackage,FieldsonlyExample.GeneratedCriteria,328,47,7,3,78,12,41,7,37,6
MyBatis Generator Tests (MyBatis3),mbg.test.mb3.generated.hierarchical.model.subpackage,FieldsonlyExample.Criteria,0,3,0,0,0,2,0,1,0,1
MyBatis Generator Tests (MyBatis3),mbg.test.mb3.generated.annotated.hierarchical.Immutable.Mapper,PkonlySqlProvider,254,272,27,23,31,71,20,13,1,7
MyBatis Generator Tests (MyBatis3),mbg.test.mb3.generated.annotated.hierarchical.Immutable.Mapper,PkfieldsSqlProvider,319,586,62,60,59,144,49,21,1,8
MyBatis Generator Tests (MyBatis3),mbg.test.mb3.generated.annotated.hierarchical.Immutable.Mapper,PkfieldsblobsSqlProvider,312,412,44,32,45,107,34,15,1,10
MyBatis Generator Tests (MyBatis3),mbg.test.mb3.generated.annotated.hierarchical.Immutable.Mapper,FieldsblobsSqlProvider,304,364,41,29,43,94,31,14,1,9
MyBatis Generator Tests (MyBatis3),mbg.test.mb3.generated.annotated.hierarchical.Immutable.Mapper,PkblobsSqlProvider,296,377,41,31,41,98,32,15,1,10
MyBatis Generator Tests (MyBatis3),mbg.test.mb3.generated.annotated.hierarchical.Immutable.Mapper,FieldsonlySqlProvider,270,279,31,23,35,73,23,12,1,7
MyBatis Generator Tests (MyBatis3),mbg.test.mb3.generated.miscellaneous.model.mbgtest,AnotherawfultableExample.Criterion,89,0,2,0,32,0,14,0,13,0
MyBatis Generator Tests (MyBatis3),mbg.test.mb3.generated.miscellaneous.model.mbgtest,AnotherawfultableExample.GeneratedCriteria,627,0,10,0,154,0,80,0,75,0
MyBatis Generator Tests (MyBatis3),mbg.test.mb3.generated.miscellaneous.model.mbgtest,AnotherawfultableExample,71,0,2,0,25,0,12,0,11,0
MyBatis Generator Tests (MyBatis3),mbg.test.mb3.generated.miscellaneous.model.mbgtest,AnotherawfultableExample.Criteria,3,0,0,0,2,0,1,0,1,0
MyBatis Generator Tests (MyBatis3),mbg.test.mb3.generated.miscellaneous.model.mbgtest,Anotherawfultable,22,36,6,2,4,12,6,9,2,9
MyBatis Generator Tests (MyBatis3),mbg.test.mb3.generated.miscellaneous.model,NameviewExample.Criteria,3,0,0,0,2,0,1,0,1,0
MyBatis Generator Tests (MyBatis3),mbg.test.mb3.generated.miscellaneous.model,EnumtestCriteria.Criterion,89,0,2,0,32,0,14,0,13,0
MyBatis Generator Tests (MyBatis3),mbg.test.mb3.generated.miscellaneous.model,RegexrenameCriteria.GeneratedCriteria,544,0,10,0,132,0,69,0,64,0
MyBatis Generator Tests (MyBatis3),mbg.test.mb3.generated.miscellaneous.model,Nameview,22,0,2,0,7,0,6,0,5,0
MyBatis Generator Tests (MyBatis3),mbg.test.mb3.generated.miscellaneous.model,MyObjectCriteria.Criterion,15,74,0,2,6,26,2,12,2,11
MyBatis Generator Tests (MyBatis3),mbg.test.mb3.generated.miscellaneous.model,MyObject,370,61,106,0,30,25,58,18,5,18
MyBatis Generator Tests (MyBatis3),mbg.test.mb3.generated.miscellaneous.model,EnumtestCriteria,71,0,2,0,25,0,12,0,11,0
MyBatis Generator Tests (MyBatis3),mbg.test.mb3.generated.miscellaneous.model,EnumtestCriteria.Criteria,3,0,0,0,2,0,1,0,1,0
MyBatis Generator Tests (MyBatis3),mbg.test.mb3.generated.miscellaneous.model,NameviewExample,71,0,2,0,25,0,12,0,11,0
MyBatis Generator Tests (MyBatis3),mbg.test.mb3.generated.miscellaneous.model,NameviewExample.Criterion,89,0,2,0,32,0,14,0,13,0
MyBatis Generator Tests (MyBatis3),mbg.test.mb3.generated.miscellaneous.model,MyObjectCriteria.GeneratedCriteria,1500,181,30,10,351,43,180,20,162,18
MyBatis Generator Tests (MyBatis3),mbg.test.mb3.generated.miscellaneous.model,Regexrename,139,40,41,3,15,13,24,9,2,9
MyBatis Generator Tests (MyBatis3),mbg.test.mb3.generated.miscellaneous.model,Enumtest,81,17,22,0,13,7,13,5,2,5
MyBatis Generator Tests (MyBatis3),mbg.test.mb3.generated.miscellaneous.model,MyObjectKey,81,17,22,0,13,7,13,5,2,5
MyBatis Generator Tests (MyBatis3),mbg.test.mb3.generated.miscellaneous.model,NameviewExample.GeneratedCriteria,297,0,10,0,70,0,38,0,33,0
MyBatis Generator Tests (MyBatis3),mbg.test.mb3.generated.miscellaneous.model,RegexrenameCriteria,71,0,2,0,25,0,12,0,11,0
MyBatis Generator Tests (MyBatis3),mbg.test.mb3.generated.miscellaneous.model,RegexrenameCriteria.Criteria,3,0,0,0,2,0,1,0,1,0
MyBatis Generator Tests (MyBatis3),mbg.test.mb3.generated.miscellaneous.model,RegexrenameCriteria.Criterion,89,0,2,0,32,0,14,0,13,0
MyBatis Generator Tests (MyBatis3),mbg.test.mb3.generated.miscellaneous.model,EnumtestCriteria.GeneratedCriteria,297,0,10,0,70,0,38,0,33,0
MyBatis Generator Tests (MyBatis3),mbg.test.mb3.generated.miscellaneous.model,MyObjectCriteria.Criteria,0,3,0,0,0,2,0,1,0,1
MyBatis Generator Tests (MyBatis3),mbg.test.mb3.generated.miscellaneous.model,MyObjectCriteria,14,57,0,2,5,20,2,10,2,9
MyBatis Generator Tests (MyBatis3),mbg.test.mb3.generated.flat.model,PkblobsExample.Criteria,0,3,0,0,0,2,0,1,0,1
MyBatis Generator Tests (MyBatis3),mbg.test.mb3.generated.flat.model,PkonlyExample.Criteria,0,3,0,0,0,2,0,1,0,1
MyBatis Generator Tests (MyBatis3),mbg.test.mb3.generated.flat.model,PkblobsExample.GeneratedCriteria,140,47,7,3,30,12,17,7,13,6
MyBatis Generator Tests (MyBatis3),mbg.test.mb3.generated.flat.model,Pkonly,123,17,22,0,21,7,14,5,3,5
MyBatis Generator Tests (MyBatis3),mbg.test.mb3.generated.flat.model,FieldsblobsExample.GeneratedCriteria,274,39,7,3,64,10,34,6,30,5
MyBatis Generator Tests (MyBatis3),mbg.test.mb3.generated.flat.model,PkfieldsExample,14,57,0,2,5,20,2,10,2,9
MyBatis Generator Tests (MyBatis3),mbg.test.mb3.generated.flat.model,PkfieldsblobsExample.Criterion,53,36,1,1,19,13,8,6,7,6
MyBatis Generator Tests (MyBatis3),mbg.test.mb3.generated.flat.model,PkonlyExample,24,47,1,1,9,16,5,7,4,7
MyBatis Generator Tests (MyBatis3),mbg.test.mb3.generated.flat.model,EnumtestExample.Criterion,89,0,2,0,32,0,14,0,13,0
MyBatis Generator Tests (MyBatis3),mbg.test.mb3.generated.flat.model,PkblobsExample.Criterion,53,36,1,1,19,13,8,6,7,6
MyBatis Generator Tests (MyBatis3),mbg.test.mb3.generated.flat.model,AwfulTableExample,14,57,0,2,5,20,2,10,2,9
MyBatis Generator Tests (MyBatis3),mbg.test.mb3.generated.flat.model,EnumtestExample.Criteria,3,0,0,0,2,0,1,0,1,0
MyBatis Generator Tests (MyBatis3),mbg.test.mb3.generated.flat.model,FieldsblobsExample.Criterion,53,36,1,1,19,13,8,6,7,6
MyBatis Generator Tests (MyBatis3),mbg.test.mb3.generated.flat.model,AwfulTable,251,439,83,55,26,67,70,33,2,32
MyBatis Generator Tests (MyBatis3),mbg.test.mb3.generated.flat.model,Pkblobs,174,27,28,0,27,11,18,8,4,8
MyBatis Generator Tests (MyBatis3),mbg.test.mb3.generated.flat.model,Fieldsonly,156,24,30,0,23,10,18,7,3,7
MyBatis Generator Tests (MyBatis3),mbg.test.mb3.generated.flat.model,AwfulTableExample.Criteria,0,3,0,0,0,2,0,1,0,1
MyBatis Generator Tests (MyBatis3),mbg.test.mb3.generated.flat.model,PkonlyExample.GeneratedCriteria,226,55,7,3,52,14,28,8,24,7
MyBatis Generator Tests (MyBatis3),mbg.test.mb3.generated.flat.model,FieldsblobsExample,34,37,1,1,13,12,6,6,5,6
MyBatis Generator Tests (MyBatis3),mbg.test.mb3.generated.flat.model,PkfieldsblobsExample,24,47,1,1,9,16,5,7,4,7
MyBatis Generator Tests (MyBatis3),mbg.test.mb3.generated.flat.model,AwfulTableExample.Criterion,15,74,0,2,6,26,2,12,2,11
MyBatis Generator Tests (MyBatis3),mbg.test.mb3.generated.flat.model,PkfieldsExample.Criteria,0,3,0,0,0,2,0,1,0,1
MyBatis Generator Tests (MyBatis3),mbg.test.mb3.generated.flat.model,AwfulTableExample.GeneratedCriteria,1538,103,5,5,385,25,195,13,191,12
MyBatis Generator Tests (MyBatis3),mbg.test.mb3.generated.flat.model,PkonlyExample.Criterion,53,36,1,1,19,13,8,6,7,6
MyBatis Generator Tests (MyBatis3),mbg.test.mb3.generated.flat.model,FieldsblobsExample.Criteria,0,3,0,0,0,2,0,1,0,1
MyBatis Generator Tests (MyBatis3),mbg.test.mb3.generated.flat.model,Fieldsblobs,194,40,30,2,29,14,20,10,4,10
MyBatis Generator Tests (MyBatis3),mbg.test.mb3.generated.flat.model,PkfieldsExample.Criterion,3,86,0,2,1,31,1,13,1,12
MyBatis Generator Tests (MyBatis3),mbg.test.mb3.generated.flat.model,FieldsonlyExample.Criterion,53,36,1,1,19,13,8,6,7,6
MyBatis Generator Tests (MyBatis3),mbg.test.mb3.generated.flat.model,Pkfields,248,372,67,51,24,64,57,34,2,30
MyBatis Generator Tests (MyBatis3),mbg.test.mb3.generated.flat.model,PkfieldsExample.GeneratedCriteria,1590,173,33,7,372,43,190,20,171,19
MyBatis Generator Tests (MyBatis3),mbg.test.mb3.generated.flat.model,FieldsonlyExample,20,51,1,1,7,18,4,8,3,8
MyBatis Generator Tests (MyBatis3),mbg.test.mb3.generated.flat.model,FieldsonlyExample.GeneratedCriteria,328,47,7,3,78,12,41,7,37,6
MyBatis Generator Tests (MyBatis3),mbg.test.mb3.generated.flat.model,Pkfieldsblobs,214,44,42,2,27,16,25,11,3,11
MyBatis Generator Tests (MyBatis3),mbg.test.mb3.generated.flat.model,PkblobsExample,24,47,1,1,9,16,5,7,4,7
MyBatis Generator Tests (MyBatis3),mbg.test.mb3.generated.flat.model,PkfieldsblobsExample.GeneratedCriteria,446,55,7,3,108,14,56,8,52,7
MyBatis Generator Tests (MyBatis3),mbg.test.mb3.generated.flat.model,FieldsonlyExample.Criteria,0,3,0,0,0,2,0,1,0,1
MyBatis Generator Tests (MyBatis3),mbg.test.mb3.generated.flat.model,Enumtest,140,0,22,0,28,0,19,0,8,0
MyBatis Generator Tests (MyBatis3),mbg.test.mb3.generated.flat.model,EnumtestExample,71,0,2,0,25,0,12,0,11,0
MyBatis Generator Tests (MyBatis3),mbg.test.mb3.generated.flat.model,PkfieldsblobsExample.Criteria,0,3,0,0,0,2,0,1,0,1
MyBatis Generator Tests (MyBatis3),mbg.test.mb3.generated.flat.model,EnumtestExample.GeneratedCriteria,297,0,10,0,70,0,38,0,33,0
MyBatis Generator Tests (MyBatis3),mbg.test.mb3.generated.simpleannotated.model,AwfulTable,627,63,137,1,71,22,84,19,15,19
MyBatis Generator Tests (MyBatis3),mbg.test.mb3.generated.simpleannotated.model,Pkfieldsblobs,228,30,44,0,31,12,27,9,5,9
MyBatis Generator Tests (MyBatis3),mbg.test.mb3.generated.simpleannotated.model,Pkonly,123,17,22,0,21,7,14,5,3,5
MyBatis Generator Tests (MyBatis3),mbg.test.mb3.generated.simpleannotated.model,Pkblobs,178,23,28,0,29,9,19,7,5,7
MyBatis Generator Tests (MyBatis3),mbg.test.mb3.generated.simpleannotated.model,Pkfields,521,99,116,2,49,39,64,27,5,27
MyBatis Generator Tests (MyBatis3),mbg.test.mb3.generated.simpleannotated.model,Fieldsonly,156,24,30,0,23,10,18,7,3,7
MyBatis Generator Tests (MyBatis3),mbg.test.mb3.generated.simpleannotated.model,Fieldsblobs,163,29,25,1,30,10,19,8,6,8
MyBatis Generator Tests (MyBatis3),mbg.test.mb3.generated.simple.model,Pkonly,123,17,22,0,21,7,14,5,3,5
MyBatis Generator Tests (MyBatis3),mbg.test.mb3.generated.simple.model,Pkblobs,178,23,28,0,29,9,19,7,5,7
MyBatis Generator Tests (MyBatis3),mbg.test.mb3.generated.simple.model,Pkfields,521,99,116,2,49,39,64,27,5,27
MyBatis Generator Tests (MyBatis3),mbg.test.mb3.generated.simple.model,Fieldsonly,156,24,30,0,23,10,18,7,3,7
MyBatis Generator Tests (MyBatis3),mbg.test.mb3.generated.simple.model,Pkfieldsblobs,228,30,44,0,31,12,27,9,5,9
MyBatis Generator Tests (MyBatis3),mbg.test.mb3.generated.simple.model,Fieldsblobs,163,29,25,1,30,10,19,8,6,8
MyBatis Generator Tests (MyBatis3),mbg.test.mb3.generated.simple.model,AwfulTable,627,63,137,1,71,22,84,19,15,19
MyBatis Generator Tests (MyBatis3),mbg.test.mb3.generated.mixed.conditional.model,FieldsblobsExample,24,47,1,1,9,16,5,7,4,7
MyBatis Generator Tests (MyBatis3),mbg.test.mb3.generated.mixed.conditional.model,AwfulTableExample,10,61,1,1,4,21,3,9,2,9
MyBatis Generator Tests (MyBatis3),mbg.test.mb3.generated.mixed.conditional.model,PkfieldsblobsExample.GeneratedCriteria,446,55,7,3,108,14,56,8,52,7
MyBatis Generator Tests (MyBatis3),mbg.test.mb3.generated.mixed.conditional.model,PkfieldsExample.Criterion,3,86,0,2,1,31,1,13,1,12
MyBatis Generator Tests (MyBatis3),mbg.test.mb3.generated.mixed.conditional.model,Pkblobs,118,27,28,0,17,11,17,8,3,8
MyBatis Generator Tests (MyBatis3),mbg.test.mb3.generated.mixed.conditional.model,AwfulTableExample.Criterion,15,74,0,2,6,26,2,12,2,11
MyBatis Generator Tests (MyBatis3),mbg.test.mb3.generated.mixed.conditional.model,PkfieldsblobsExample.Criteria,0,3,0,0,0,2,0,1,0,1
MyBatis Generator Tests (MyBatis3),mbg.test.mb3.generated.mixed.conditional.model,PkonlyExample.Criteria,0,3,0,0,0,2,0,1,0,1
MyBatis Generator Tests (MyBatis3),mbg.test.mb3.generated.mixed.conditional.model,PkblobsExample.Criterion,53,36,1,1,19,13,8,6,7,6
MyBatis Generator Tests (MyBatis3),mbg.test.mb3.generated.mixed.conditional.model,PkfieldsblobsKey,81,17,22,0,13,7,13,5,2,5
MyBatis Generator Tests (MyBatis3),mbg.test.mb3.generated.mixed.conditional.model,PkblobsExample.GeneratedCriteria,140,47,7,3,30,12,17,7,13,6
MyBatis Generator Tests (MyBatis3),mbg.test.mb3.generated.mixed.conditional.model,FieldsblobsExample.Criterion,53,36,1,1,19,13,8,6,7,6
MyBatis Generator Tests (MyBatis3),mbg.test.mb3.generated.mixed.conditional.model,PkonlyExample,24,47,1,1,9,16,5,7,4,7
MyBatis Generator Tests (MyBatis3),mbg.test.mb3.generated.mixed.conditional.model,PkfieldsKey,81,17,22,0,13,7,13,5,2,5
MyBatis Generator Tests (MyBatis3),mbg.test.mb3.generated.mixed.conditional.model,FieldsonlyExample.Criteria,0,3,0,0,0,2,0,1,0,1
MyBatis Generator Tests (MyBatis3),mbg.test.mb3.generated.mixed.conditional.model,FieldsblobsExample.GeneratedCriteria,266,47,7,3,62,12,33,7,29,6
MyBatis Generator Tests (MyBatis3),mbg.test.mb3.generated.mixed.conditional.model,PkfieldsblobsExample.Criterion,53,36,1,1,19,13,8,6,7,6
MyBatis Generator Tests (MyBatis3),mbg.test.mb3.generated.mixed.conditional.model,PkfieldsExample.Criteria,0,3,0,0,0,2,0,1,0,1
MyBatis Generator Tests (MyBatis3),mbg.test.mb3.generated.mixed.conditional.model,FieldsblobsExample.Criteria,0,3,0,0,0,2,0,1,0,1
MyBatis Generator Tests (MyBatis3),mbg.test.mb3.generated.mixed.conditional.model,PkonlyExample.Criterion,53,36,1,1,19,13,8,6,7,6
MyBatis Generator Tests (MyBatis3),mbg.test.mb3.generated.mixed.conditional.model,FieldsblobsWithBLOBs,127,20,28,0,18,8,17,6,3,6
MyBatis Generator Tests (MyBatis3),mbg.test.mb3.generated.mixed.conditional.model,PkonlyExample.GeneratedCriteria,226,55,7,3,52,14,28,8,24,7
MyBatis Generator Tests (MyBatis3),mbg.test.mb3.generated.mixed.conditional.model,Fieldsblobs,85,23,24,2,13,7,15,5,2,5
MyBatis Generator Tests (MyBatis3),mbg.test.mb3.generated.mixed.conditional.model,AwfulTable,439,118,132,6,30,42,73,29,4,29
MyBatis Generator Tests (MyBatis3),mbg.test.mb3.generated.mixed.conditional.model,Fieldsonly,107,24,30,0,14,10,17,7,2,7
MyBatis Generator Tests (MyBatis3),mbg.test.mb3.generated.mixed.conditional.model,PkfieldsExample,14,57,0,2,5,20,2,10,2,9
MyBatis Generator Tests (MyBatis3),mbg.test.mb3.generated.mixed.conditional.model,PkblobsExample.Criteria,0,3,0,0,0,2,0,1,0,1
MyBatis Generator Tests (MyBatis3),mbg.test.mb3.generated.mixed.conditional.model,FieldsonlyExample,24,47,1,1,9,16,5,7,4,7
MyBatis Generator Tests (MyBatis3),mbg.test.mb3.generated.mixed.conditional.model,PkfieldsExample.GeneratedCriteria,1459,208,26,8,346,52,179,25,163,24
MyBatis Generator Tests (MyBatis3),mbg.test.mb3.generated.mixed.conditional.model,PkblobsExample,24,47,1,1,9,16,5,7,4,7
MyBatis Generator Tests (MyBatis3),mbg.test.mb3.generated.mixed.conditional.model,Pkfieldsblobs,151,30,42,2,16,10,24,7,2,7
MyBatis Generator Tests (MyBatis3),mbg.test.mb3.generated.mixed.conditional.model,Pkfields,410,85,122,2,29,33,66,23,4,23
MyBatis Generator Tests (MyBatis3),mbg.test.mb3.generated.mixed.conditional.model,FieldsonlyExample.GeneratedCriteria,328,47,7,3,78,12,41,7,37,6
MyBatis Generator Tests (MyBatis3),mbg.test.mb3.generated.mixed.conditional.model,FieldsonlyExample.Criterion,53,36,1,1,19,13,8,6,7,6
MyBatis Generator Tests (MyBatis3),mbg.test.mb3.generated.mixed.conditional.model,AwfulTableExample.GeneratedCriteria,1538,103,5,5,385,25,195,13,191,12
MyBatis Generator Tests (MyBatis3),mbg.test.mb3.generated.mixed.conditional.model,PkonlyKey,81,17,22,0,13,7,13,5,2,5
MyBatis Generator Tests (MyBatis3),mbg.test.mb3.generated.mixed.conditional.model,PkfieldsblobsExample,20,51,1,1,7,18,4,8,3,8
MyBatis Generator Tests (MyBatis3),mbg.test.mb3.generated.mixed.conditional.model,AwfulTableExample.Criteria,0,3,0,0,0,2,0,1,0,1
MyBatis Generator Tests (MyBatis3),mbg.test.mb3.generated.miscellaneous.modelonly2.model,PkfieldsKey,17,0,0,0,7,0,5,0,5,0
MyBatis Generator Tests (MyBatis3),mbg.test.mb3.generated.miscellaneous.modelonly2.model,FieldsonlyExample.GeneratedCriteria,375,0,10,0,90,0,48,0,43,0
MyBatis Generator Tests (MyBatis3),mbg.test.mb3.generated.miscellaneous.modelonly2.model,Pkfields,87,0,0,0,37,0,25,0,25,0
MyBatis Generator Tests (MyBatis3),mbg.test.mb3.generated.miscellaneous.modelonly2.model,FieldsonlyExample,71,0,2,0,25,0,12,0,11,0
MyBatis Generator Tests (MyBatis3),mbg.test.mb3.generated.miscellaneous.modelonly2.model,FieldsonlyExample.Criteria,3,0,0,0,2,0,1,0,1,0
MyBatis Generator Tests (MyBatis3),mbg.test.mb3.generated.miscellaneous.modelonly2.model,Pkblobs,31,0,0,0,13,0,9,0,9,0
MyBatis Generator Tests (MyBatis3),mbg.test.mb3.generated.miscellaneous.modelonly2.model,Fieldsonly,24,0,0,0,10,0,7,0,7,0
MyBatis Generator Tests (MyBatis3),mbg.test.mb3.generated.miscellaneous.modelonly2.model,FieldsonlyExample.Criterion,89,0,2,0,32,0,14,0,13,0
MyBatis Generator Tests (MyBatis3),mbg.test.mb3.generated.annotated.flat.mapper,PkfieldsblobsSqlProvider,312,412,44,32,45,107,34,15,1,10
MyBatis Generator Tests (MyBatis3),mbg.test.mb3.generated.annotated.flat.mapper,PkfieldsSqlProvider,308,588,58,58,56,144,46,21,1,8
MyBatis Generator Tests (MyBatis3),mbg.test.mb3.generated.annotated.flat.mapper,FieldsblobsSqlProvider,323,345,41,29,47,90,32,13,2,8
MyBatis Generator Tests (MyBatis3),mbg.test.mb3.generated.annotated.flat.mapper,PkonlySqlProvider,254,272,27,23,31,71,20,13,1,7
MyBatis Generator Tests (MyBatis3),mbg.test.mb3.generated.annotated.flat.mapper,FieldsonlySqlProvider,264,285,27,27,33,75,19,16,1,7
MyBatis Generator Tests (MyBatis3),mbg.test.mb3.generated.annotated.flat.mapper,PkblobsSqlProvider,300,373,41,31,42,97,32,15,1,10
MyBatis Generator Tests (MyBatis3),mbg.test.mb3.generated.annotated.flat.mapper,AwfulTableSqlProvider,221,700,49,73,33,174,49,21,0,9
MyBatis Generator Tests (MyBatis3),mbg.test.mb3.generated.annotated.hierarchical.mapper,PkonlySqlProvider,254,272,27,23,31,71,20,13,1,7
MyBatis Generator Tests (MyBatis3),mbg.test.mb3.generated.annotated.hierarchical.mapper,PkfieldsSqlProvider,319,586,62,60,59,144,49,21,1,8
MyBatis Generator Tests (MyBatis3),mbg.test.mb3.generated.annotated.hierarchical.mapper,AwfulTableSqlProvider,221,700,49,73,33,174,49,21,0,9
MyBatis Generator Tests (MyBatis3),mbg.test.mb3.generated.annotated.hierarchical.mapper,PkblobsSqlProvider,300,373,41,31,42,97,32,15,1,10
MyBatis Generator Tests (MyBatis3),mbg.test.mb3.generated.annotated.hierarchical.mapper,PkfieldsblobsSqlProvider,312,412,44,32,45,107,34,15,1,10
MyBatis Generator Tests (MyBatis3),mbg.test.mb3.generated.annotated.hierarchical.mapper,FieldsblobsSqlProvider,304,364,41,29,43,94,31,14,1,9
MyBatis Generator Tests (MyBatis3),mbg.test.mb3.generated.annotated.hierarchical.mapper,FieldsonlySqlProvider,270,279,31,23,35,73,23,12,1,7
MyBatis Generator Tests (MyBatis3),mbg.test.mb3.generated.annotated.hierarchical.Immutable.Model,PkfieldsExample.Criterion,0,89,0,2,0,32,0,14,0,13
MyBatis Generator Tests (MyBatis3),mbg.test.mb3.generated.annotated.hierarchical.Immutable.Model,PkonlyKey,0,15,0,0,0,6,0,3,0,3
MyBatis Generator Tests (MyBatis3),mbg.test.mb3.generated.annotated.hierarchical.Immutable.Model,Fieldsblobs,0,15,0,0,0,6,0,3,0,3
MyBatis Generator Tests (MyBatis3),mbg.test.mb3.generated.annotated.hierarchical.Immutable.Model,Fieldsonly,0,21,0,0,0,8,0,4,0,4
MyBatis Generator Tests (MyBatis3),mbg.test.mb3.generated.annotated.hierarchical.Immutable.Model,PkonlyExample.Criterion,50,39,1,1,18,14,7,7,6,7
MyBatis Generator Tests (MyBatis3),mbg.test.mb3.generated.annotated.hierarchical.Immutable.Model,FieldsblobsExample.Criterion,50,39,1,1,18,14,7,7,6,7
MyBatis Generator Tests (MyBatis3),mbg.test.mb3.generated.annotated.hierarchical.Immutable.Model,PkonlyExample.GeneratedCriteria,226,55,7,3,52,14,28,8,24,7
MyBatis Generator Tests (MyBatis3),mbg.test.mb3.generated.annotated.hierarchical.Immutable.Model,PkfieldsKey,0,26,0,0,0,12,0,6,0,6
MyBatis Generator Tests (MyBatis3),mbg.test.mb3.generated.annotated.hierarchical.Immutable.Model,FieldsonlyExample.Criteria,0,3,0,0,0,2,0,1,0,1
MyBatis Generator Tests (MyBatis3),mbg.test.mb3.generated.annotated.hierarchical.Immutable.Model,PkfieldsExample,14,57,0,2,5,20,2,10,2,9
MyBatis Generator Tests (MyBatis3),mbg.test.mb3.generated.annotated.hierarchical.Immutable.Model,FieldsblobsWithBLOBs,0,23,0,0,0,8,0,4,0,4
MyBatis Generator Tests (MyBatis3),mbg.test.mb3.generated.annotated.hierarchical.Immutable.Model,PkblobsExample.GeneratedCriteria,140,47,7,3,30,12,17,7,13,6
MyBatis Generator Tests (MyBatis3),mbg.test.mb3.generated.annotated.hierarchical.Immutable.Model,PkfieldsblobsExample,24,47,1,1,9,16,5,7,4,7
MyBatis Generator Tests (MyBatis3),mbg.test.mb3.generated.annotated.hierarchical.Immutable.Model,FieldsblobsExample.Criteria,0,3,0,0,0,2,0,1,0,1
MyBatis Generator Tests (MyBatis3),mbg.test.mb3.generated.annotated.hierarchical.Immutable.Model,PkblobsExample.Criteria,0,3,0,0,0,2,0,1,0,1
MyBatis Generator Tests (MyBatis3),mbg.test.mb3.generated.annotated.hierarchical.Immutable.Model,Pkfieldsblobs,0,17,0,0,0,6,0,3,0,3
MyBatis Generator Tests (MyBatis3),mbg.test.mb3.generated.annotated.hierarchical.Immutable.Model,FieldsblobsExample.GeneratedCriteria,274,39,7,3,64,10,34,6,30,5
MyBatis Generator Tests (MyBatis3),mbg.test.mb3.generated.annotated.hierarchical.Immutable.Model,PkfieldsblobsExample.Criterion,50,39,1,1,18,14,7,7,6,7
MyBatis Generator Tests (MyBatis3),mbg.test.mb3.generated.annotated.hierarchical.Immutable.Model,FieldsonlyExample.GeneratedCriteria,328,47,7,3,78,12,41,7,37,6
MyBatis Generator Tests (MyBatis3),mbg.test.mb3.generated.annotated.hierarchical.Immutable.Model,Pkfields,17,126,4,2,4,48,5,24,2,24
MyBatis Generator Tests (MyBatis3),mbg.test.mb3.generated.annotated.hierarchical.Immutable.Model,FieldsblobsExample,24,47,1,1,9,16,5,7,4,7
MyBatis Generator Tests (MyBatis3),mbg.test.mb3.generated.annotated.hierarchical.Immutable.Model,PkfieldsExample.Criteria,0,3,0,0,0,2,0,1,0,1
MyBatis Generator Tests (MyBatis3),mbg.test.mb3.generated.annotated.hierarchical.Immutable.Model,PkfieldsblobsExample.Criteria,0,3,0,0,0,2,0,1,0,1
MyBatis Generator Tests (MyBatis3),mbg.test.mb3.generated.annotated.hierarchical.Immutable.Model,PkfieldsblobsExample.GeneratedCriteria,446,55,7,3,108,14,56,8,52,7
MyBatis Generator Tests (MyBatis3),mbg.test.mb3.generated.annotated.hierarchical.Immutable.Model,PkfieldsblobsWithBLOBs,0,13,0,0,0,4,0,2,0,2
MyBatis Generator Tests (MyBatis3),mbg.test.mb3.generated.annotated.hierarchical.Immutable.Model,PkonlyExample.Criteria,0,3,0,0,0,2,0,1,0,1
MyBatis Generator Tests (MyBatis3),mbg.test.mb3.generated.annotated.hierarchical.Immutable.Model,PkonlyExample,24,47,1,1,9,16,5,7,4,7
MyBatis Generator Tests (MyBatis3),mbg.test.mb3.generated.annotated.hierarchical.Immutable.Model,PkblobsWithBLOBs,0,22,0,0,0,8,0,4,0,4
MyBatis Generator Tests (MyBatis3),mbg.test.mb3.generated.annotated.hierarchical.Immutable.Model,FieldsonlyExample.Criterion,50,39,1,1,18,14,7,7,6,7
MyBatis Generator Tests (MyBatis3),mbg.test.mb3.generated.annotated.hierarchical.Immutable.Model,PkblobsExample,24,47,1,1,9,16,5,7,4,7
MyBatis Generator Tests (MyBatis3),mbg.test.mb3.generated.annotated.hierarchical.Immutable.Model,PkblobsExample.Criterion,50,39,1,1,18,14,7,7,6,7
MyBatis Generator Tests (MyBatis3),mbg.test.mb3.generated.annotated.hierarchical.Immutable.Model,PkfieldsblobsKey,0,15,0,0,0,6,0,3,0,3
MyBatis Generator Tests (MyBatis3),mbg.test.mb3.generated.annotated.hierarchical.Immutable.Model,PkblobsKey,0,9,0,0,0,4,0,2,0,2
MyBatis Generator Tests (MyBatis3),mbg.test.mb3.generated.annotated.hierarchical.Immutable.Model,PkfieldsExample.GeneratedCriteria,1512,155,28,6,359,39,184,20,168,19
MyBatis Generator Tests (MyBatis3),mbg.test.mb3.generated.annotated.hierarchical.Immutable.Model,FieldsonlyExample,24,47,1,1,9,16,5,7,4,7
MyBatis Generator Tests (MyBatis3),mbg.test.mb3.generated.hierarchical.immutable.model,CompoundkeyExample.Criteria,3,0,0,0,2,0,1,0,1,0
MyBatis Generator Tests (MyBatis3),mbg.test.mb3.generated.hierarchical.immutable.model,PkfieldsblobsWithBLOBs,0,13,0,0,0,4,0,2,0,2
MyBatis Generator Tests (MyBatis3),mbg.test.mb3.generated.hierarchical.immutable.model,FieldsblobsExample.Criterion,53,36,1,1,19,13,8,6,7,6
MyBatis Generator Tests (MyBatis3),mbg.test.mb3.generated.hierarchical.immutable.model,Fieldsonly,0,21,0,0,0,8,0,4,0,4
MyBatis Generator Tests (MyBatis3),mbg.test.mb3.generated.hierarchical.immutable.model,CompoundkeyExample.GeneratedCriteria,496,0,22,0,110,0,59,0,48,0
MyBatis Generator Tests (MyBatis3),mbg.test.mb3.generated.hierarchical.immutable.model,PkblobsExample.Criterion,53,36,1,1,19,13,8,6,7,6
MyBatis Generator Tests (MyBatis3),mbg.test.mb3.generated.hierarchical.immutable.model,FieldsblobsWithBLOBs,0,23,0,0,0,8,0,4,0,4
MyBatis Generator Tests (MyBatis3),mbg.test.mb3.generated.hierarchical.immutable.model,PkfieldsblobsExample.Criteria,0,3,0,0,0,2,0,1,0,1
MyBatis Generator Tests (MyBatis3),mbg.test.mb3.generated.hierarchical.immutable.model,Pkfieldsblobs,0,17,0,0,0,6,0,3,0,3
MyBatis Generator Tests (MyBatis3),mbg.test.mb3.generated.hierarchical.immutable.model,PkfieldsExample.Criteria,0,3,0,0,0,2,0,1,0,1
MyBatis Generator Tests (MyBatis3),mbg.test.mb3.generated.hierarchical.immutable.model,PkonlyExample.Criteria,0,3,0,0,0,2,0,1,0,1
MyBatis Generator Tests (MyBatis3),mbg.test.mb3.generated.hierarchical.immutable.model,PkfieldsExample.Criterion,3,86,0,2,1,31,1,13,1,12
MyBatis Generator Tests (MyBatis3),mbg.test.mb3.generated.hierarchical.immutable.model,FieldsonlyExample.GeneratedCriteria,328,47,7,3,78,12,41,7,37,6
MyBatis Generator Tests (MyBatis3),mbg.test.mb3.generated.hierarchical.immutable.model,PkblobsKey,0,9,0,0,0,4,0,2,0,2
MyBatis Generator Tests (MyBatis3),mbg.test.mb3.generated.hierarchical.immutable.model,PkblobsExample.GeneratedCriteria,140,47,7,3,30,12,17,7,13,6
MyBatis Generator Tests (MyBatis3),mbg.test.mb3.generated.hierarchical.immutable.model,FieldsblobsExample,24,47,1,1,9,16,5,7,4,7
MyBatis Generator Tests (MyBatis3),mbg.test.mb3.generated.hierarchical.immutable.model,PkfieldsExample,14,57,0,2,5,20,2,10,2,9
MyBatis Generator Tests (MyBatis3),mbg.test.mb3.generated.hierarchical.immutable.model,PkfieldsExample.GeneratedCriteria,1515,152,28,6,360,38,185,19,169,18
MyBatis Generator Tests (MyBatis3),mbg.test.mb3.generated.hierarchical.immutable.model,CompoundkeyKey,15,0,0,0,6,0,3,0,3,0
MyBatis Generator Tests (MyBatis3),mbg.test.mb3.generated.hierarchical.immutable.model,FieldsonlyExample,24,47,1,1,9,16,5,7,4,7
MyBatis Generator Tests (MyBatis3),mbg.test.mb3.generated.hierarchical.immutable.model,PkonlyExample,24,47,1,1,9,16,5,7,4,7
MyBatis Generator Tests (MyBatis3),mbg.test.mb3.generated.hierarchical.immutable.model,PkfieldsblobsExample.Criterion,53,36,1,1,19,13,8,6,7,6
MyBatis Generator Tests (MyBatis3),mbg.test.mb3.generated.hierarchical.immutable.model,FieldsblobsExample.Criteria,0,3,0,0,0,2,0,1,0,1
MyBatis Generator Tests (MyBatis3),mbg.test.mb3.generated.hierarchical.immutable.model,CompoundkeyExample.Criterion,89,0,2,0,32,0,14,0,13,0
MyBatis Generator Tests (MyBatis3),mbg.test.mb3.generated.hierarchical.immutable.model,PkblobsExample,24,47,1,1,9,16,5,7,4,7
MyBatis Generator Tests (MyBatis3),mbg.test.mb3.generated.hierarchical.immutable.model,PkonlyExample.Criterion,53,36,1,1,19,13,8,6,7,6
MyBatis Generator Tests (MyBatis3),mbg.test.mb3.generated.hierarchical.immutable.model,PkonlyExample.GeneratedCriteria,226,55,7,3,52,14,28,8,24,7
MyBatis Generator Tests (MyBatis3),mbg.test.mb3.generated.hierarchical.immutable.model,PkfieldsblobsExample.GeneratedCriteria,446,55,7,3,108,14,56,8,52,7
MyBatis Generator Tests (MyBatis3),mbg.test.mb3.generated.hierarchical.immutable.model,PkfieldsKey,0,26,0,0,0,12,0,6,0,6
MyBatis Generator Tests (MyBatis3),mbg.test.mb3.generated.hierarchical.immutable.model,FieldsonlyExample.Criteria,0,3,0,0,0,2,0,1,0,1
MyBatis Generator Tests (MyBatis3),mbg.test.mb3.generated.hierarchical.immutable.model,Pkfields,17,126,4,2,4,48,5,24,2,24
MyBatis Generator Tests (MyBatis3),mbg.test.mb3.generated.hierarchical.immutable.model,PkblobsExample.Criteria,0,3,0,0,0,2,0,1,0,1
MyBatis Generator Tests (MyBatis3),mbg.test.mb3.generated.hierarchical.immutable.model,FieldsonlyExample.Criterion,53,36,1,1,19,13,8,6,7,6
MyBatis Generator Tests (MyBatis3),mbg.test.mb3.generated.hierarchical.immutable.model,CompoundkeyExample,71,0,2,0,25,0,12,0,11,0
MyBatis Generator Tests (MyBatis3),mbg.test.mb3.generated.hierarchical.immutable.model,Fieldsblobs,0,15,0,0,0,6,0,3,0,3
MyBatis Generator Tests (MyBatis3),mbg.test.mb3.generated.hierarchical.immutable.model,PkfieldsblobsExample,24,47,1,1,9,16,5,7,4,7
MyBatis Generator Tests (MyBatis3),mbg.test.mb3.generated.hierarchical.immutable.model,FieldsblobsExample.GeneratedCriteria,274,39,7,3,64,10,34,6,30,5
MyBatis Generator Tests (MyBatis3),mbg.test.mb3.generated.hierarchical.immutable.model,PkfieldsblobsKey,0,15,0,0,0,6,0,3,0,3
MyBatis Generator Tests (MyBatis3),mbg.test.mb3.generated.hierarchical.immutable.model,PkonlyKey,0,15,0,0,0,6,0,3,0,3
MyBatis Generator Tests (MyBatis3),mbg.test.mb3.generated.hierarchical.immutable.model,Compoundkey,11,0,0,0,4,0,2,0,2,0
MyBatis Generator Tests (MyBatis3),mbg.test.mb3.generated.hierarchical.immutable.model,PkblobsWithBLOBs,0,22,0,0,0,8,0,4,0,4
MyBatis Generator Tests (MyBatis3),mbg.test.mb3.generated.annotated.miscellaneous.model,EnumtestCriteria.Criteria,3,0,0,0,2,0,1,0,1,0
MyBatis Generator Tests (MyBatis3),mbg.test.mb3.generated.annotated.miscellaneous.model,EnumtestCriteria,71,0,2,0,25,0,12,0,11,0
MyBatis Generator Tests (MyBatis3),mbg.test.mb3.generated.annotated.miscellaneous.model,MyObjectCriteria,14,57,0,2,5,20,2,10,2,9
MyBatis Generator Tests (MyBatis3),mbg.test.mb3.generated.annotated.miscellaneous.model,EnumtestCriteria.GeneratedCriteria,297,0,10,0,70,0,38,0,33,0
MyBatis Generator Tests (MyBatis3),mbg.test.mb3.generated.annotated.miscellaneous.model,MyObject,370,61,106,0,30,25,58,18,5,18
MyBatis Generator Tests (MyBatis3),mbg.test.mb3.generated.annotated.miscellaneous.model,MyObjectCriteria.GeneratedCriteria,1477,204,28,12,347,47,180,20,163,17
MyBatis Generator Tests (MyBatis3),mbg.test.mb3.generated.annotated.miscellaneous.model,MyObjectCriteria.Criteria,0,3,0,0,0,2,0,1,0,1
MyBatis Generator Tests (MyBatis3),mbg.test.mb3.generated.annotated.miscellaneous.model,MyObjectKey,81,17,22,0,13,7,13,5,2,5
MyBatis Generator Tests (MyBatis3),mbg.test.mb3.generated.annotated.miscellaneous.model,RegexrenameCriteria.Criterion,89,0,2,0,32,0,14,0,13,0
MyBatis Generator Tests (MyBatis3),mbg.test.mb3.generated.annotated.miscellaneous.model,RegexrenameCriteria.Criteria,3,0,0,0,2,0,1,0,1,0
MyBatis Generator Tests (MyBatis3),mbg.test.mb3.generated.annotated.miscellaneous.model,Regexrename,139,40,41,3,15,13,24,9,2,9
MyBatis Generator Tests (MyBatis3),mbg.test.mb3.generated.annotated.miscellaneous.model,EnumtestCriteria.Criterion,89,0,2,0,32,0,14,0,13,0
MyBatis Generator Tests (MyBatis3),mbg.test.mb3.generated.annotated.miscellaneous.model,MyObjectCriteria.Criterion,12,77,0,2,5,27,1,13,1,12
MyBatis Generator Tests (MyBatis3),mbg.test.mb3.generated.annotated.miscellaneous.model,Enumtest,81,17,22,0,13,7,13,5,2,5
MyBatis Generator Tests (MyBatis3),mbg.test.mb3.generated.annotated.miscellaneous.model,RegexrenameCriteria,71,0,2,0,25,0,12,0,11,0
MyBatis Generator Tests (MyBatis3),mbg.test.mb3.generated.annotated.miscellaneous.model,RegexrenameCriteria.GeneratedCriteria,544,0,10,0,132,0,69,0,64,0
MyBatis Generator Tests (MyBatis3),mbg.test.mb3.generated.mixed.flat.model,FieldsonlyExample.Criterion,53,36,1,1,19,13,8,6,7,6
MyBatis Generator Tests (MyBatis3),mbg.test.mb3.generated.mixed.flat.model,PkfieldsExample.Criterion,3,86,0,2,1,31,1,13,1,12
MyBatis Generator Tests (MyBatis3),mbg.test.mb3.generated.mixed.flat.model,PkfieldsblobsExample.GeneratedCriteria,446,55,7,3,108,14,56,8,52,7
MyBatis Generator Tests (MyBatis3),mbg.test.mb3.generated.mixed.flat.model,AwfulTable,118,439,83,55,5,67,69,33,1,32
MyBatis Generator Tests (MyBatis3),mbg.test.mb3.generated.mixed.flat.model,Fieldsblobs,131,40,30,2,18,14,19,10,3,10
MyBatis Generator Tests (MyBatis3),mbg.test.mb3.generated.mixed.flat.model,AwfulTableExample,14,57,0,2,5,20,2,10,2,9
MyBatis Generator Tests (MyBatis3),mbg.test.mb3.generated.mixed.flat.model,PkfieldsblobsExample.Criterion,53,36,1,1,19,13,8,6,7,6
MyBatis Generator Tests (MyBatis3),mbg.test.mb3.generated.mixed.flat.model,Fieldsonly,107,24,30,0,14,10,17,7,2,7
MyBatis Generator Tests (MyBatis3),mbg.test.mb3.generated.mixed.flat.model,Pkblobs,118,27,28,0,17,11,17,8,3,8
MyBatis Generator Tests (MyBatis3),mbg.test.mb3.generated.mixed.flat.model,FieldsblobsExample.GeneratedCriteria,274,39,7,3,64,10,34,6,30,5
MyBatis Generator Tests (MyBatis3),mbg.test.mb3.generated.mixed.flat.model,AwfulTableExample.Criterion,15,74,0,2,6,26,2,12,2,11
MyBatis Generator Tests (MyBatis3),mbg.test.mb3.generated.mixed.flat.model,PkblobsExample.Criteria,0,3,0,0,0,2,0,1,0,1
MyBatis Generator Tests (MyBatis3),mbg.test.mb3.generated.mixed.flat.model,FieldsblobsExample,34,37,1,1,13,12,6,6,5,6
MyBatis Generator Tests (MyBatis3),mbg.test.mb3.generated.mixed.flat.model,AwfulTableExample.GeneratedCriteria,1538,103,5,5,385,25,195,13,191,12
MyBatis Generator Tests (MyBatis3),mbg.test.mb3.generated.mixed.flat.model,PkonlyExample,24,47,1,1,9,16,5,7,4,7
MyBatis Generator Tests (MyBatis3),mbg.test.mb3.generated.mixed.flat.model,PkonlyExample.Criterion,53,36,1,1,19,13,8,6,7,6
MyBatis Generator Tests (MyBatis3),mbg.test.mb3.generated.mixed.flat.model,Pkonly,81,17,22,0,13,7,13,5,2,5
MyBatis Generator Tests (MyBatis3),mbg.test.mb3.generated.mixed.flat.model,FieldsblobsExample.Criteria,0,3,0,0,0,2,0,1,0,1
MyBatis Generator Tests (MyBatis3),mbg.test.mb3.generated.mixed.flat.model,PkonlyExample.Criteria,0,3,0,0,0,2,0,1,0,1
MyBatis Generator Tests (MyBatis3),mbg.test.mb3.generated.mixed.flat.model,FieldsonlyExample.GeneratedCriteria,328,47,7,3,78,12,41,7,37,6
MyBatis Generator Tests (MyBatis3),mbg.test.mb3.generated.mixed.flat.model,PkblobsExample.GeneratedCriteria,140,47,7,3,30,12,17,7,13,6
MyBatis Generator Tests (MyBatis3),mbg.test.mb3.generated.mixed.flat.model,FieldsonlyExample,20,51,1,1,7,18,4,8,3,8
MyBatis Generator Tests (MyBatis3),mbg.test.mb3.generated.mixed.flat.model,AwfulTableExample.Criteria,0,3,0,0,0,2,0,1,0,1
MyBatis Generator Tests (MyBatis3),mbg.test.mb3.generated.mixed.flat.model,PkonlyExample.GeneratedCriteria,226,55,7,3,52,14,28,8,24,7
MyBatis Generator Tests (MyBatis3),mbg.test.mb3.generated.mixed.flat.model,Pkfieldsblobs,151,44,42,2,16,16,24,11,2,11
MyBatis Generator Tests (MyBatis3),mbg.test.mb3.generated.mixed.flat.model,PkblobsExample,24,47,1,1,9,16,5,7,4,7
MyBatis Generator Tests (MyBatis3),mbg.test.mb3.generated.mixed.flat.model,PkfieldsExample.GeneratedCriteria,1515,152,28,6,360,38,185,19,169,18
MyBatis Generator Tests (MyBatis3),mbg.test.mb3.generated.mixed.flat.model,PkfieldsExample.Criteria,0,3,0,0,0,2,0,1,0,1
MyBatis Generator Tests (MyBatis3),mbg.test.mb3.generated.mixed.flat.model,PkblobsExample.Criterion,53,36,1,1,19,13,8,6,7,6
MyBatis Generator Tests (MyBatis3),mbg.test.mb3.generated.mixed.flat.model,PkfieldsExample,14,57,0,2,5,20,2,10,2,9
MyBatis Generator Tests (MyBatis3),mbg.test.mb3.generated.mixed.flat.model,FieldsblobsExample.Criterion,53,36,1,1,19,13,8,6,7,6
MyBatis Generator Tests (MyBatis3),mbg.test.mb3.generated.mixed.flat.model,PkfieldsblobsExample,24,47,1,1,9,16,5,7,4,7
MyBatis Generator Tests (MyBatis3),mbg.test.mb3.generated.mixed.flat.model,PkfieldsblobsExample.Criteria,0,3,0,0,0,2,0,1,0,1
MyBatis Generator Tests (MyBatis3),mbg.test.mb3.generated.mixed.flat.model,FieldsonlyExample.Criteria,0,3,0,0,0,2,0,1,0,1
MyBatis Generator Tests (MyBatis3),mbg.test.mb3.generated.mixed.flat.model,Pkfields,138,371,72,52,6,62,60,33,2,29
MyBatis Generator Tests (MyBatis3),mbg.test.mb3.generated.annotated.flat.model,FieldsblobsExample,34,37,1,1,13,12,6,6,5,6
MyBatis Generator Tests (MyBatis3),mbg.test.mb3.generated.annotated.flat.model,Pkonly,81,17,22,0,13,7,13,5,2,5
MyBatis Generator Tests (MyBatis3),mbg.test.mb3.generated.annotated.flat.model,FieldsblobsExample.Criteria,0,3,0,0,0,2,0,1,0,1
MyBatis Generator Tests (MyBatis3),mbg.test.mb3.generated.annotated.flat.model,PkblobsExample.Criterion,50,39,1,1,18,14,7,7,6,7
MyBatis Generator Tests (MyBatis3),mbg.test.mb3.generated.annotated.flat.model,FieldsonlyExample.Criterion,50,39,1,1,18,14,7,7,6,7
MyBatis Generator Tests (MyBatis3),mbg.test.mb3.generated.annotated.flat.model,PkonlyExample.GeneratedCriteria,226,55,7,3,52,14,28,8,24,7
MyBatis Generator Tests (MyBatis3),mbg.test.mb3.generated.annotated.flat.model,PkblobsExample,24,47,1,1,9,16,5,7,4,7
MyBatis Generator Tests (MyBatis3),mbg.test.mb3.generated.annotated.flat.model,PkfieldsExample.Criteria,0,3,0,0,0,2,0,1,0,1
MyBatis Generator Tests (MyBatis3),mbg.test.mb3.generated.annotated.flat.model,Fieldsblobs,131,40,30,2,18,14,19,10,3,10
MyBatis Generator Tests (MyBatis3),mbg.test.mb3.generated.annotated.flat.model,PkfieldsExample.Criterion,0,89,0,2,0,32,0,14,0,13
MyBatis Generator Tests (MyBatis3),mbg.test.mb3.generated.annotated.flat.model,PkonlyExample,24,47,1,1,9,16,5,7,4,7
MyBatis Generator Tests (MyBatis3),mbg.test.mb3.generated.annotated.flat.model,PkblobsExample.Criteria,0,3,0,0,0,2,0,1,0,1
MyBatis Generator Tests (MyBatis3),mbg.test.mb3.generated.annotated.flat.model,PkblobsExample.GeneratedCriteria,140,47,7,3,30,12,17,7,13,6
MyBatis Generator Tests (MyBatis3),mbg.test.mb3.generated.annotated.flat.model,AwfulTableExample,14,57,0,2,5,20,2,10,2,9
MyBatis Generator Tests (MyBatis3),mbg.test.mb3.generated.annotated.flat.model,PkfieldsblobsExample.Criterion,50,39,1,1,18,14,7,7,6,7
MyBatis Generator Tests (MyBatis3),mbg.test.mb3.generated.annotated.flat.model,FieldsonlyExample.Criteria,0,3,0,0,0,2,0,1,0,1
MyBatis Generator Tests (MyBatis3),mbg.test.mb3.generated.annotated.flat.model,PkfieldsblobsExample.GeneratedCriteria,446,55,7,3,108,14,56,8,52,7
MyBatis Generator Tests (MyBatis3),mbg.test.mb3.generated.annotated.flat.model,Fieldsonly,107,24,30,0,14,10,17,7,2,7
MyBatis Generator Tests (MyBatis3),mbg.test.mb3.generated.annotated.flat.model,AwfulTableExample.Criterion,12,77,0,2,5,27,1,13,1,12
MyBatis Generator Tests (MyBatis3),mbg.test.mb3.generated.annotated.flat.model,FieldsonlyExample.GeneratedCriteria,328,47,7,3,78,12,41,7,37,6
MyBatis Generator Tests (MyBatis3),mbg.test.mb3.generated.annotated.flat.model,PkfieldsblobsExample,24,47,1,1,9,16,5,7,4,7
MyBatis Generator Tests (MyBatis3),mbg.test.mb3.generated.annotated.flat.model,PkfieldsblobsExample.Criteria,0,3,0,0,0,2,0,1,0,1
MyBatis Generator Tests (MyBatis3),mbg.test.mb3.generated.annotated.flat.model,PkonlyExample.Criteria,0,3,0,0,0,2,0,1,0,1
MyBatis Generator Tests (MyBatis3),mbg.test.mb3.generated.annotated.flat.model,PkfieldsExample,14,57,0,2,5,20,2,10,2,9
MyBatis Generator Tests (MyBatis3),mbg.test.mb3.generated.annotated.flat.model,Pkblobs,118,27,28,0,17,11,17,8,3,8
MyBatis Generator Tests (MyBatis3),mbg.test.mb3.generated.annotated.flat.model,FieldsblobsExample.GeneratedCriteria,274,39,7,3,64,10,34,6,30,5
MyBatis Generator Tests (MyBatis3),mbg.test.mb3.generated.annotated.flat.model,FieldsonlyExample,20,51,1,1,7,18,4,8,3,8
MyBatis Generator Tests (MyBatis3),mbg.test.mb3.generated.annotated.flat.model,AwfulTableExample.GeneratedCriteria,1535,106,5,5,384,26,194,14,190,13
MyBatis Generator Tests (MyBatis3),mbg.test.mb3.generated.annotated.flat.model,AwfulTable,118,439,83,55,5,67,69,33,1,32
MyBatis Generator Tests (MyBatis3),mbg.test.mb3.generated.annotated.flat.model,Pkfieldsblobs,151,44,42,2,16,16,24,11,2,11
MyBatis Generator Tests (MyBatis3),mbg.test.mb3.generated.annotated.flat.model,FieldsblobsExample.Criterion,50,39,1,1,18,14,7,7,6,7
MyBatis Generator Tests (MyBatis3),mbg.test.mb3.generated.annotated.flat.model,PkonlyExample.Criterion,50,39,1,1,18,14,7,7,6,7
MyBatis Generator Tests (MyBatis3),mbg.test.mb3.generated.annotated.flat.model,Pkfields,122,372,67,51,4,64,56,34,1,30
MyBatis Generator Tests (MyBatis3),mbg.test.mb3.generated.annotated.flat.model,PkfieldsExample.GeneratedCriteria,1570,193,31,9,368,47,189,21,171,19
MyBatis Generator Tests (MyBatis3),mbg.test.mb3.generated.annotated.flat.model,AwfulTableExample.Criteria,0,3,0,0,0,2,0,1,0,1
MyBatis Generator Tests (MyBatis3),mbg.test.mb3.generated.mixed.hierarchical.Immutable.Model,PkfieldsExample,14,57,0,2,5,20,2,10,2,9
MyBatis Generator Tests (MyBatis3),mbg.test.mb3.generated.mixed.hierarchical.Immutable.Model,Pkfields,17,126,4,2,4,48,5,24,2,24
MyBatis Generator Tests (MyBatis3),mbg.test.mb3.generated.mixed.hierarchical.Immutable.Model,PkfieldsblobsExample.Criteria,0,3,0,0,0,2,0,1,0,1
MyBatis Generator Tests (MyBatis3),mbg.test.mb3.generated.mixed.hierarchical.Immutable.Model,FieldsblobsWithBLOBs,0,23,0,0,0,8,0,4,0,4
MyBatis Generator Tests (MyBatis3),mbg.test.mb3.generated.mixed.hierarchical.Immutable.Model,PkfieldsExample.GeneratedCriteria,1515,152,28,6,360,38,185,19,169,18
MyBatis Generator Tests (MyBatis3),mbg.test.mb3.generated.mixed.hierarchical.Immutable.Model,FieldsblobsExample.Criterion,53,36,1,1,19,13,8,6,7,6
MyBatis Generator Tests (MyBatis3),mbg.test.mb3.generated.mixed.hierarchical.Immutable.Model,PkonlyExample.GeneratedCriteria,226,55,7,3,52,14,28,8,24,7
MyBatis Generator Tests (MyBatis3),mbg.test.mb3.generated.mixed.hierarchical.Immutable.Model,FieldsonlyExample.GeneratedCriteria,328,47,7,3,78,12,41,7,37,6
MyBatis Generator Tests (MyBatis3),mbg.test.mb3.generated.mixed.hierarchical.Immutable.Model,PkfieldsblobsKey,0,15,0,0,0,6,0,3,0,3
MyBatis Generator Tests (MyBatis3),mbg.test.mb3.generated.mixed.hierarchical.Immutable.Model,FieldsonlyExample.Criteria,0,3,0,0,0,2,0,1,0,1
MyBatis Generator Tests (MyBatis3),mbg.test.mb3.generated.mixed.hierarchical.Immutable.Model,PkfieldsExample.Criteria,0,3,0,0,0,2,0,1,0,1
MyBatis Generator Tests (MyBatis3),mbg.test.mb3.generated.mixed.hierarchical.Immutable.Model,PkfieldsblobsExample,24,47,1,1,9,16,5,7,4,7
MyBatis Generator Tests (MyBatis3),mbg.test.mb3.generated.mixed.hierarchical.Immutable.Model,FieldsonlyExample.Criterion,53,36,1,1,19,13,8,6,7,6
MyBatis Generator Tests (MyBatis3),mbg.test.mb3.generated.mixed.hierarchical.Immutable.Model,PkblobsExample.Criteria,0,3,0,0,0,2,0,1,0,1
MyBatis Generator Tests (MyBatis3),mbg.test.mb3.generated.mixed.hierarchical.Immutable.Model,PkonlyKey,0,15,0,0,0,6,0,3,0,3
MyBatis Generator Tests (MyBatis3),mbg.test.mb3.generated.mixed.hierarchical.Immutable.Model,FieldsblobsExample.GeneratedCriteria,274,39,7,3,64,10,34,6,30,5
MyBatis Generator Tests (MyBatis3),mbg.test.mb3.generated.mixed.hierarchical.Immutable.Model,PkblobsWithBLOBs,0,22,0,0,0,8,0,4,0,4
MyBatis Generator Tests (MyBatis3),mbg.test.mb3.generated.mixed.hierarchical.Immutable.Model,PkblobsExample.GeneratedCriteria,140,47,7,3,30,12,17,7,13,6
MyBatis Generator Tests (MyBatis3),mbg.test.mb3.generated.mixed.hierarchical.Immutable.Model,FieldsblobsExample,24,47,1,1,9,16,5,7,4,7
MyBatis Generator Tests (MyBatis3),mbg.test.mb3.generated.mixed.hierarchical.Immutable.Model,PkonlyExample.Criteria,0,3,0,0,0,2,0,1,0,1
MyBatis Generator Tests (MyBatis3),mbg.test.mb3.generated.mixed.hierarchical.Immutable.Model,FieldsblobsExample.Criteria,0,3,0,0,0,2,0,1,0,1
MyBatis Generator Tests (MyBatis3),mbg.test.mb3.generated.mixed.hierarchical.Immutable.Model,PkblobsExample.Criterion,53,36,1,1,19,13,8,6,7,6
MyBatis Generator Tests (MyBatis3),mbg.test.mb3.generated.mixed.hierarchical.Immutable.Model,FieldsonlyExample,24,47,1,1,9,16,5,7,4,7
MyBatis Generator Tests (MyBatis3),mbg.test.mb3.generated.mixed.hierarchical.Immutable.Model,PkfieldsKey,0,26,0,0,0,12,0,6,0,6
MyBatis Generator Tests (MyBatis3),mbg.test.mb3.generated.mixed.hierarchical.Immutable.Model,Fieldsonly,0,21,0,0,0,8,0,4,0,4
MyBatis Generator Tests (MyBatis3),mbg.test.mb3.generated.mixed.hierarchical.Immutable.Model,PkonlyExample.Criterion,53,36,1,1,19,13,8,6,7,6
MyBatis Generator Tests (MyBatis3),mbg.test.mb3.generated.mixed.hierarchical.Immutable.Model,PkblobsExample,24,47,1,1,9,16,5,7,4,7
MyBatis Generator Tests (MyBatis3),mbg.test.mb3.generated.mixed.hierarchical.Immutable.Model,PkblobsKey,0,9,0,0,0,4,0,2,0,2
MyBatis Generator Tests (MyBatis3),mbg.test.mb3.generated.mixed.hierarchical.Immutable.Model,Fieldsblobs,0,15,0,0,0,6,0,3,0,3
MyBatis Generator Tests (MyBatis3),mbg.test.mb3.generated.mixed.hierarchical.Immutable.Model,PkfieldsblobsWithBLOBs,0,13,0,0,0,4,0,2,0,2
MyBatis Generator Tests (MyBatis3),mbg.test.mb3.generated.mixed.hierarchical.Immutable.Model,Pkfieldsblobs,0,17,0,0,0,6,0,3,0,3
MyBatis Generator Tests (MyBatis3),mbg.test.mb3.generated.mixed.hierarchical.Immutable.Model,PkfieldsExample.Criterion,3,86,0,2,1,31,1,13,1,12
MyBatis Generator Tests (MyBatis3),mbg.test.mb3.generated.mixed.hierarchical.Immutable.Model,PkfieldsblobsExample.Criterion,53,36,1,1,19,13,8,6,7,6
MyBatis Generator Tests (MyBatis3),mbg.test.mb3.generated.mixed.hierarchical.Immutable.Model,PkonlyExample,24,47,1,1,9,16,5,7,4,7
MyBatis Generator Tests (MyBatis3),mbg.test.mb3.generated.mixed.hierarchical.Immutable.Model,PkfieldsblobsExample.GeneratedCriteria,446,55,7,3,108,14,56,8,52,7
MyBatis Generator Tests (MyBatis3),mbg.test.mb3.generated.miscellaneous.modelonly1.model,Nameview,17,0,0,0,7,0,5,0,5,0
MyBatis Generator Tests (MyBatis3),mbg.test.mb3.generated.miscellaneous.modelonly1.model,Anotherawfultable,38,0,0,0,16,0,11,0,11,0
MyBatis Generator Tests (MyBatis3),mbg.test.mb3.generated.annotated.hierarchical.model,PkfieldsblobsExample.GeneratedCriteria,446,55,7,3,108,14,56,8,52,7
MyBatis Generator Tests (MyBatis3),mbg.test.mb3.generated.annotated.hierarchical.model,FieldsblobsExample,24,47,1,1,9,16,5,7,4,7
MyBatis Generator Tests (MyBatis3),mbg.test.mb3.generated.annotated.hierarchical.model,Pkfields,410,85,122,2,29,33,66,23,4,23
MyBatis Generator Tests (MyBatis3),mbg.test.mb3.generated.annotated.hierarchical.model,PkblobsExample.GeneratedCriteria,140,47,7,3,30,12,17,7,13,6
MyBatis Generator Tests (MyBatis3),mbg.test.mb3.generated.annotated.hierarchical.model,FieldsonlyExample,24,47,1,1,9,16,5,7,4,7
MyBatis Generator Tests (MyBatis3),mbg.test.mb3.generated.annotated.hierarchical.model,PkfieldsExample,14,57,0,2,5,20,2,10,2,9
MyBatis Generator Tests (MyBatis3),mbg.test.mb3.generated.annotated.hierarchical.model,Pkfieldsblobs,137,23,40,2,15,7,23,5,2,5
MyBatis Generator Tests (MyBatis3),mbg.test.mb3.generated.annotated.hierarchical.model,PkfieldsblobsExample.Criteria,0,3,0,0,0,2,0,1,0,1
MyBatis Generator Tests (MyBatis3),mbg.test.mb3.generated.annotated.hierarchical.model,Fieldsonly,107,24,30,0,14,10,17,7,2,7
MyBatis Generator Tests (MyBatis3),mbg.test.mb3.generated.annotated.hierarchical.model,FieldsblobsExample.Criteria,0,3,0,0,0,2,0,1,0,1
MyBatis Generator Tests (MyBatis3),mbg.test.mb3.generated.annotated.hierarchical.model,FieldsonlyExample.Criteria,0,3,0,0,0,2,0,1,0,1
MyBatis Generator Tests (MyBatis3),mbg.test.mb3.generated.annotated.hierarchical.model,PkblobsWithBLOBs,118,20,28,0,17,8,17,6,3,6
MyBatis Generator Tests (MyBatis3),mbg.test.mb3.generated.annotated.hierarchical.model,AwfulTableExample,14,57,0,2,5,20,2,10,2,9
MyBatis Generator Tests (MyBatis3),mbg.test.mb3.generated.annotated.hierarchical.model,PkfieldsblobsKey,81,17,22,0,13,7,13,5,2,5
MyBatis Generator Tests (MyBatis3),mbg.test.mb3.generated.annotated.hierarchical.model,PkonlyExample.Criterion,50,39,1,1,18,14,7,7,6,7
MyBatis Generator Tests (MyBatis3),mbg.test.mb3.generated.annotated.hierarchical.model,PkfieldsKey,81,17,22,0,13,7,13,5,2,5
MyBatis Generator Tests (MyBatis3),mbg.test.mb3.generated.annotated.hierarchical.model,AwfulTableKey,54,10,12,0,12,4,8,3,2,3
MyBatis Generator Tests (MyBatis3),mbg.test.mb3.generated.annotated.hierarchical.model,PkfieldsExample.Criteria,0,3,0,0,0,2,0,1,0,1
MyBatis Generator Tests (MyBatis3),mbg.test.mb3.generated.annotated.hierarchical.model,PkfieldsblobsExample,24,47,1,1,9,16,5,7,4,7
MyBatis Generator Tests (MyBatis3),mbg.test.mb3.generated.annotated.hierarchical.model,FieldsonlyExample.Criterion,50,39,1,1,18,14,7,7,6,7
MyBatis Generator Tests (MyBatis3),mbg.test.mb3.generated.annotated.hierarchical.model,PkonlyExample.GeneratedCriteria,226,55,7,3,52,14,28,8,24,7
MyBatis Generator Tests (MyBatis3),mbg.test.mb3.generated.annotated.hierarchical.model,AwfulTable,439,111,132,6,30,39,73,27,4,27
MyBatis Generator Tests (MyBatis3),mbg.test.mb3.generated.annotated.hierarchical.model,AwfulTableExample.Criterion,12,77,0,2,5,27,1,13,1,12
MyBatis Generator Tests (MyBatis3),mbg.test.mb3.generated.annotated.hierarchical.model,PkblobsExample.Criteria,0,3,0,0,0,2,0,1,0,1
MyBatis Generator Tests (MyBatis3),mbg.test.mb3.generated.annotated.hierarchical.model,PkonlyKey,81,17,22,0,13,7,13,5,2,5
MyBatis Generator Tests (MyBatis3),mbg.test.mb3.generated.annotated.hierarchical.model,AwfulTableExample.Criteria,0,3,0,0,0,2,0,1,0,1
MyBatis Generator Tests (MyBatis3),mbg.test.mb3.generated.annotated.hierarchical.model,PkonlyExample,24,47,1,1,9,16,5,7,4,7
MyBatis Generator Tests (MyBatis3),mbg.test.mb3.generated.annotated.hierarchical.model,AwfulTableExample.GeneratedCriteria,1535,106,5,5,384,26,194,14,190,13
MyBatis Generator Tests (MyBatis3),mbg.test.mb3.generated.annotated.hierarchical.model,PkfieldsExample.GeneratedCriteria,1512,155,28,6,359,39,184,20,168,19
MyBatis Generator Tests (MyBatis3),mbg.test.mb3.generated.annotated.hierarchical.model,PkblobsExample,24,47,1,1,9,16,5,7,4,7
MyBatis Generator Tests (MyBatis3),mbg.test.mb3.generated.annotated.hierarchical.model,Fieldsblobs,85,23,24,2,13,7,15,5,2,5
MyBatis Generator Tests (MyBatis3),mbg.test.mb3.generated.annotated.hierarchical.model,FieldsblobsExample.Criterion,50,39,1,1,18,14,7,7,6,7
MyBatis Generator Tests (MyBatis3),mbg.test.mb3.generated.annotated.hierarchical.model,PkfieldsblobsExample.Criterion,50,39,1,1,18,14,7,7,6,7
MyBatis Generator Tests (MyBatis3),mbg.test.mb3.generated.annotated.hierarchical.model,PkonlyExample.Criteria,0,3,0,0,0,2,0,1,0,1
MyBatis Generator Tests (MyBatis3),mbg.test.mb3.generated.annotated.hierarchical.model,PkblobsExample.Criterion,50,39,1,1,18,14,7,7,6,7
MyBatis Generator Tests (MyBatis3),mbg.test.mb3.generated.annotated.hierarchical.model,PkfieldsblobsWithBLOBs,147,10,40,0,16,4,22,3,2,3
MyBatis Generator Tests (MyBatis3),mbg.test.mb3.generated.annotated.hierarchical.model,FieldsonlyExample.GeneratedCriteria,328,47,7,3,78,12,41,7,37,6
MyBatis Generator Tests (MyBatis3),mbg.test.mb3.generated.annotated.hierarchical.model,PkfieldsExample.Criterion,0,89,0,2,0,32,0,14,0,13
MyBatis Generator Tests (MyBatis3),mbg.test.mb3.generated.annotated.hierarchical.model,FieldsblobsExample.GeneratedCriteria,274,39,7,3,64,10,34,6,30,5
MyBatis Generator Tests (MyBatis3),mbg.test.mb3.generated.annotated.hierarchical.model,FieldsblobsWithBLOBs,127,20,28,0,18,8,17,6,3,6
MyBatis Generator Tests (MyBatis3),mbg.test.mb3.generated.annotated.hierarchical.model,PkblobsKey,54,10,12,0,12,4,8,3,2,3
MyBatis Generator Tests (MyBatis3),mbg.test.mb3.generated.hierarchical.model,EnumtestKey,64,0,12,0,16,0,11,0,5,0
MyBatis Generator Tests (MyBatis3),mbg.test.mb3.generated.hierarchical.model,PkblobsExample.GeneratedCriteria,140,47,7,3,30,12,17,7,13,6
MyBatis Generator Tests (MyBatis3),mbg.test.mb3.generated.hierarchical.model,AwfulTable,439,111,132,6,30,39,73,27,4,27
MyBatis Generator Tests (MyBatis3),mbg.test.mb3.generated.hierarchical.model,EnumtestExample,71,0,2,0,25,0,12,0,11,0
MyBatis Generator Tests (MyBatis3),mbg.test.mb3.generated.hierarchical.model,PkonlyExample,24,47,1,1,9,16,5,7,4,7
MyBatis Generator Tests (MyBatis3),mbg.test.mb3.generated.hierarchical.model,PkfieldsExample.GeneratedCriteria,1515,152,28,6,360,38,185,19,169,18
MyBatis Generator Tests (MyBatis3),mbg.test.mb3.generated.hierarchical.model,Pkfieldsblobs,137,23,40,2,15,7,23,5,2,5
MyBatis Generator Tests (MyBatis3),mbg.test.mb3.generated.hierarchical.model,PkfieldsExample.Criterion,3,86,0,2,1,31,1,13,1,12
MyBatis Generator Tests (MyBatis3),mbg.test.mb3.generated.hierarchical.model,FieldsblobsExample.GeneratedCriteria,274,39,7,3,64,10,34,6,30,5
MyBatis Generator Tests (MyBatis3),mbg.test.mb3.generated.hierarchical.model,Fieldsblobs,85,23,24,2,13,7,15,5,2,5
MyBatis Generator Tests (MyBatis3),mbg.test.mb3.generated.hierarchical.model,PkfieldsblobsExample.Criterion,53,36,1,1,19,13,8,6,7,6
MyBatis Generator Tests (MyBatis3),mbg.test.mb3.generated.hierarchical.model,PkonlyExample.Criteria,0,3,0,0,0,2,0,1,0,1
MyBatis Generator Tests (MyBatis3),mbg.test.mb3.generated.hierarchical.model,PkonlyExample.GeneratedCriteria,226,55,7,3,52,14,28,8,24,7
MyBatis Generator Tests (MyBatis3),mbg.test.mb3.generated.hierarchical.model,PkfieldsKey,81,17,22,0,13,7,13,5,2,5
MyBatis Generator Tests (MyBatis3),mbg.test.mb3.generated.hierarchical.model,PkfieldsblobsExample.Criteria,0,3,0,0,0,2,0,1,0,1
MyBatis Generator Tests (MyBatis3),mbg.test.mb3.generated.hierarchical.model,PkonlyKey,81,17,22,0,13,7,13,5,2,5
MyBatis Generator Tests (MyBatis3),mbg.test.mb3.generated.hierarchical.model,FieldsblobsExample.Criterion,53,36,1,1,19,13,8,6,7,6
MyBatis Generator Tests (MyBatis3),mbg.test.mb3.generated.hierarchical.model,PkblobsExample.Criteria,0,3,0,0,0,2,0,1,0,1
MyBatis Generator Tests (MyBatis3),mbg.test.mb3.generated.hierarchical.model,AwfulTableKey,54,10,12,0,12,4,8,3,2,3
MyBatis Generator Tests (MyBatis3),mbg.test.mb3.generated.hierarchical.model,FieldsblobsExample.Criteria,0,3,0,0,0,2,0,1,0,1
MyBatis Generator Tests (MyBatis3),mbg.test.mb3.generated.hierarchical.model,EnumtestExample.GeneratedCriteria,297,0,10,0,70,0,38,0,33,0
MyBatis Generator Tests (MyBatis3),mbg.test.mb3.generated.hierarchical.model,FieldsblobsWithBLOBs,127,20,28,0,18,8,17,6,3,6
MyBatis Generator Tests (MyBatis3),mbg.test.mb3.generated.hierarchical.model,PkfieldsExample,14,57,0,2,5,20,2,10,2,9
MyBatis Generator Tests (MyBatis3),mbg.test.mb3.generated.hierarchical.model,PkfieldsblobsExample.GeneratedCriteria,446,55,7,3,108,14,56,8,52,7
MyBatis Generator Tests (MyBatis3),mbg.test.mb3.generated.hierarchical.model,AwfulTableExample.Criteria,0,3,0,0,0,2,0,1,0,1
MyBatis Generator Tests (MyBatis3),mbg.test.mb3.generated.hierarchical.model,PkfieldsExample.Criteria,0,3,0,0,0,2,0,1,0,1
MyBatis Generator Tests (MyBatis3),mbg.test.mb3.generated.hierarchical.model,AwfulTableExample.Criterion,15,74,0,2,6,26,2,12,2,11
MyBatis Generator Tests (MyBatis3),mbg.test.mb3.generated.hierarchical.model,PkfieldsblobsExample,24,47,1,1,9,16,5,7,4,7
MyBatis Generator Tests (MyBatis3),mbg.test.mb3.generated.hierarchical.model,EnumtestExample.Criterion,89,0,2,0,32,0,14,0,13,0
MyBatis Generator Tests (MyBatis3),mbg.test.mb3.generated.hierarchical.model,AwfulTableExample.GeneratedCriteria,1538,103,5,5,385,25,195,13,191,12
MyBatis Generator Tests (MyBatis3),mbg.test.mb3.generated.hierarchical.model,Pkfields,410,85,122,2,29,33,66,23,4,23
MyBatis Generator Tests (MyBatis3),mbg.test.mb3.generated.hierarchical.model,PkblobsExample.Criterion,53,36,1,1,19,13,8,6,7,6
MyBatis Generator Tests (MyBatis3),mbg.test.mb3.generated.hierarchical.model,AwfulTableExample,14,57,0,2,5,20,2,10,2,9
MyBatis Generator Tests (MyBatis3),mbg.test.mb3.generated.hierarchical.model,PkblobsExample,24,47,1,1,9,16,5,7,4,7
MyBatis Generator Tests (MyBatis3),mbg.test.mb3.generated.hierarchical.model,Enumtest,91,0,22,0,17,0,16,0,5,0
MyBatis Generator Tests (MyBatis3),mbg.test.mb3.generated.hierarchical.model,PkonlyExample.Criterion,53,36,1,1,19,13,8,6,7,6
MyBatis Generator Tests (MyBatis3),mbg.test.mb3.generated.hierarchical.model,FieldsblobsExample,24,47,1,1,9,16,5,7,4,7
MyBatis Generator Tests (MyBatis3),mbg.test.mb3.generated.hierarchical.model,PkblobsKey,54,10,12,0,12,4,8,3,2,3
MyBatis Generator Tests (MyBatis3),mbg.test.mb3.generated.hierarchical.model,EnumtestExample.Criteria,3,0,0,0,2,0,1,0,1,0
MyBatis Generator Tests (MyBatis3),mbg.test.mb3.generated.hierarchical.model,PkfieldsblobsKey,81,17,22,0,13,7,13,5,2,5
MyBatis Generator Tests (MyBatis3),mbg.test.mb3.generated.hierarchical.model,PkblobsWithBLOBs,118,20,28,0,17,8,17,6,3,6
MyBatis Generator Tests (MyBatis3),mbg.test.mb3.generated.hierarchical.model,PkfieldsblobsWithBLOBs,147,10,40,0,16,4,22,3,2,3
MyBatis Generator Tests (MyBatis3),mbg.test.mb3.generated.annotated.conditional.model,PkonlyExample,24,47,1,1,9,16,5,7,4,7
MyBatis Generator Tests (MyBatis3),mbg.test.mb3.generated.annotated.conditional.model,AwfulTableExample.GeneratedCriteria,1535,106,5,5,384,26,194,14,190,13
MyBatis Generator Tests (MyBatis3),mbg.test.mb3.generated.annotated.conditional.model,PkblobsExample.Criteria,0,3,0,0,0,2,0,1,0,1
MyBatis Generator Tests (MyBatis3),mbg.test.mb3.generated.annotated.conditional.model,PkonlyExample.Criteria,0,3,0,0,0,2,0,1,0,1
MyBatis Generator Tests (MyBatis3),mbg.test.mb3.generated.annotated.conditional.model,PkfieldsblobsKey,81,17,22,0,13,7,13,5,2,5
MyBatis Generator Tests (MyBatis3),mbg.test.mb3.generated.annotated.conditional.model,PkfieldsblobsExample,20,51,1,1,7,18,4,8,3,8
MyBatis Generator Tests (MyBatis3),mbg.test.mb3.generated.annotated.conditional.model,PkonlyExample.GeneratedCriteria,226,55,7,3,52,14,28,8,24,7
MyBatis Generator Tests (MyBatis3),mbg.test.mb3.generated.annotated.conditional.model,PkfieldsExample.Criteria,0,3,0,0,0,2,0,1,0,1
MyBatis Generator Tests (MyBatis3),mbg.test.mb3.generated.annotated.conditional.model,Fieldsonly,107,24,30,0,14,10,17,7,2,7
MyBatis Generator Tests (MyBatis3),mbg.test.mb3.generated.annotated.conditional.model,PkblobsExample,24,47,1,1,9,16,5,7,4,7
MyBatis Generator Tests (MyBatis3),mbg.test.mb3.generated.annotated.conditional.model,FieldsonlyExample.Criterion,50,39,1,1,18,14,7,7,6,7
MyBatis Generator Tests (MyBatis3),mbg.test.mb3.generated.annotated.conditional.model,FieldsblobsExample.Criterion,50,39,1,1,18,14,7,7,6,7
MyBatis Generator Tests (MyBatis3),mbg.test.mb3.generated.annotated.conditional.model,PkblobsExample.Criterion,50,39,1,1,18,14,7,7,6,7
MyBatis Generator Tests (MyBatis3),mbg.test.mb3.generated.annotated.conditional.model,PkonlyExample.Criterion,50,39,1,1,18,14,7,7,6,7
MyBatis Generator Tests (MyBatis3),mbg.test.mb3.generated.annotated.conditional.model,PkfieldsExample.GeneratedCriteria,1456,211,26,8,345,53,178,26,162,25
MyBatis Generator Tests (MyBatis3),mbg.test.mb3.generated.annotated.conditional.model,Fieldsblobs,85,23,24,2,13,7,15,5,2,5
MyBatis Generator Tests (MyBatis3),mbg.test.mb3.generated.annotated.conditional.model,Pkfieldsblobs,151,30,42,2,16,10,24,7,2,7
MyBatis Generator Tests (MyBatis3),mbg.test.mb3.generated.annotated.conditional.model,FieldsonlyExample.GeneratedCriteria,328,47,7,3,78,12,41,7,37,6
MyBatis Generator Tests (MyBatis3),mbg.test.mb3.generated.annotated.conditional.model,PkfieldsblobsExample.GeneratedCriteria,446,55,7,3,108,14,56,8,52,7
MyBatis Generator Tests (MyBatis3),mbg.test.mb3.generated.annotated.conditional.model,FieldsblobsExample.GeneratedCriteria,266,47,7,3,62,12,33,7,29,6
MyBatis Generator Tests (MyBatis3),mbg.test.mb3.generated.annotated.conditional.model,Pkblobs,118,27,28,0,17,11,17,8,3,8
MyBatis Generator Tests (MyBatis3),mbg.test.mb3.generated.annotated.conditional.model,AwfulTableExample.Criteria,0,3,0,0,0,2,0,1,0,1
MyBatis Generator Tests (MyBatis3),mbg.test.mb3.generated.annotated.conditional.model,AwfulTable,439,118,132,6,30,42,73,29,4,29
MyBatis Generator Tests (MyBatis3),mbg.test.mb3.generated.annotated.conditional.model,PkfieldsblobsExample.Criterion,50,39,1,1,18,14,7,7,6,7
MyBatis Generator Tests (MyBatis3),mbg.test.mb3.generated.annotated.conditional.model,FieldsonlyExample,24,47,1,1,9,16,5,7,4,7
MyBatis Generator Tests (MyBatis3),mbg.test.mb3.generated.annotated.conditional.model,AwfulTableExample.Criterion,12,77,0,2,5,27,1,13,1,12
MyBatis Generator Tests (MyBatis3),mbg.test.mb3.generated.annotated.conditional.model,FieldsblobsExample,24,47,1,1,9,16,5,7,4,7
MyBatis Generator Tests (MyBatis3),mbg.test.mb3.generated.annotated.conditional.model,PkfieldsExample,14,57,0,2,5,20,2,10,2,9
MyBatis Generator Tests (MyBatis3),mbg.test.mb3.generated.annotated.conditional.model,PkfieldsKey,81,17,22,0,13,7,13,5,2,5
MyBatis Generator Tests (MyBatis3),mbg.test.mb3.generated.annotated.conditional.model,FieldsblobsWithBLOBs,127,20,28,0,18,8,17,6,3,6
MyBatis Generator Tests (MyBatis3),mbg.test.mb3.generated.annotated.conditional.model,AwfulTableExample,10,61,1,1,4,21,3,9,2,9
MyBatis Generator Tests (MyBatis3),mbg.test.mb3.generated.annotated.conditional.model,PkfieldsblobsExample.Criteria,0,3,0,0,0,2,0,1,0,1
MyBatis Generator Tests (MyBatis3),mbg.test.mb3.generated.annotated.conditional.model,Pkfields,410,85,122,2,29,33,66,23,4,23
MyBatis Generator Tests (MyBatis3),mbg.test.mb3.generated.annotated.conditional.model,PkblobsExample.GeneratedCriteria,140,47,7,3,30,12,17,7,13,6
MyBatis Generator Tests (MyBatis3),mbg.test.mb3.generated.annotated.conditional.model,PkfieldsExample.Criterion,0,89,0,2,0,32,0,14,0,13
MyBatis Generator Tests (MyBatis3),mbg.test.mb3.generated.annotated.conditional.model,FieldsblobsExample.Criteria,0,3,0,0,0,2,0,1,0,1
MyBatis Generator Tests (MyBatis3),mbg.test.mb3.generated.annotated.conditional.model,PkonlyKey,81,17,22,0,13,7,13,5,2,5
MyBatis Generator Tests (MyBatis3),mbg.test.mb3.generated.annotated.conditional.model,FieldsonlyExample.Criteria,0,3,0,0,0,2,0,1,0,1
MyBatis Generator Tests (MyBatis3),mbg.test.mb3.common,TestEnum,5,53,0,0,0,5,1,3,1,3
MyBatis Generator Tests (MyBatis3),mbg.test.mb3.common,StringBooleanTypeHandler,20,26,1,3,4,6,3,4,2,3
MyBatis Generator Tests (MyBatis3),mbg.test.mb3.common,MyTimeTypeHandler,68,74,4,4,20,21,4,5,2,3
MyBatis Generator Tests (MyBatis3),mbg.test.mb3.common,FirstNameTypeHandler,34,34,4,4,12,12,4,5,2,3
